X1,X2,X3,X4,X5,X6,X7,X8,Y1
0.5,-0.5,0.0,-1.0,1.0,-2.0,-0.4999999999999999,-0.7272727272727273,0.28436784704456725
-0.6250000000000002,0.6666666666666666,0.5,0.0,0.0,0.0,0.5,-0.36363636363636365,0.035007405412683386
0.7500000000000003,-0.6666666666666666,-0.5,-1.0,1.0,0.0,0.0,-0.36363636363636365,0.5935101656119565
1.0000000000000007,-0.8333333333333334,0.0,-1.3333333333333333,1.0,0.0,0.0,-0.7272727272727273,0.785781607647772
-0.5,0.5,0.0,0.0,0.0,1.0,-0.4999999999999999,0.36363636363636365,-0.36730846909923265
1.0000000000000007,-0.8333333333333334,0.0,-1.3333333333333333,1.0,-2.0,0.0,-0.36363636363636365,0.7653157398680492
1.0000000000000007,-0.8333333333333334,0.0,-1.3333333333333333,1.0,1.0,0.5,-0.7272727272727273,0.9538171536286525
0.31250000000000044,-0.3333333333333333,0.5,-1.0,1.0,0.0,0.0,-0.7272727272727273,1.1638615861047532
-0.7500000000000003,0.8333333333333334,1.0,0.0,0.0,0.0,0.5,0.36363636363636365,-0.07055338629325429
-0.6250000000000002,0.6666666666666666,0.5,0.0,0.0,0.0,-0.4999999999999999,-0.7272727272727273,-0.15241685741214492
-0.6250000000000002,0.6666666666666666,0.5,0.0,0.0,-1.0,0.0,-0.36363636363636365,-0.07593914097212874
-0.6250000000000002,0.6666666666666666,0.5,0.0,0.0,1.0,-0.4999999999999999,0.36363636363636365,-0.1664198195772183
0.5,-0.5,0.0,-1.0,1.0,0.0,-0.4999999999999999,0.0,0.3188366769893633
0.12500000000000017,-0.16666666666666666,2.0,-1.3333333333333333,1.0,-1.0,-0.4999999999999999,-0.7272727272727273,0.7470041739598762
0.12500000000000017,-0.16666666666666666,2.0,-1.3333333333333333,1.0,-2.0,-0.4999999999999999,0.7272727272727273,0.7572371078497377
-0.31250000000000044,0.3333333333333333,-0.5,0.0,0.0,1.0,-0.4999999999999999,-0.36363636363636365,-0.364077016291908
-0.7500000000000003,0.8333333333333334,1.0,0.0,0.0,-2.0,-0.8333333333333333,-1.0909090909090908,-0.5197253265113776
0.12500000000000017,-0.16666666666666666,2.0,-1.3333333333333333,1.0,0.0,-0.4999999999999999,-0.7272727272727273,0.7911673623266461
0.0,0.0,-1.5,0.0,0.0,-2.0,-0.4999999999999999,0.7272727272727273,-0.4190117140164266
1.5000000000000007,-1.1666666666666667,-0.5,-1.5,1.0,-1.0,0.5,0.36363636363636365,0.7766258246936855
-0.7500000000000003,0.8333333333333334,1.0,0.0,0.0,0.0,-0.4999999999999999,0.7272727272727273,-0.2935236299986536
0.31250000000000044,-0.3333333333333333,0.5,-1.0,1.0,-2.0,0.5,0.0,1.2392621516089943
-0.5,0.5,0.0,0.0,0.0,1.0,-0.4999999999999999,-0.36363636363636365,-0.36730846909923265
0.0,0.0,-1.5,0.0,0.0,-1.0,0.5,0.7272727272727273,-0.2186616399622998
0.12500000000000017,-0.16666666666666666,2.0,-1.3333333333333333,1.0,-1.0,-0.4999999999999999,0.0,0.8094789282348192
0.12500000000000017,-0.16666666666666666,2.0,-1.3333333333333333,1.0,-2.0,-0.4999999999999999,0.0,0.768547192675374
-0.18750000000000025,0.16666666666666666,-1.0,0.0,0.0,-2.0,-0.8333333333333333,-1.0909090909090908,-0.6398276558502761
-0.31250000000000044,0.3333333333333333,-0.5,0.0,0.0,-2.0,0.5,-0.36363636363636365,-0.18850141376060325
1.0000000000000007,-0.8333333333333334,0.0,-1.3333333333333333,1.0,1.0,0.5,-0.36363636363636365,0.9392756159956915
0.0,0.0,-1.5,0.0,0.0,0.0,0.5,0.7272727272727273,-0.21973879089807466
1.0000000000000007,-0.8333333333333334,0.0,-1.3333333333333333,1.0,-2.0,0.0,-0.7272727272727273,0.7771644001615728
-0.6250000000000002,0.6666666666666666,0.5,0.0,0.0,-2.0,-0.4999999999999999,-0.36363636363636365,-0.15295543288003235
1.5000000000000007,-1.1666666666666667,-0.5,-1.5,1.0,-2.0,0.0,0.36363636363636365,0.5628113639423725
0.0,0.0,-1.5,0.0,0.0,0.0,0.5,-0.7272727272727273,-0.2019658004577892
-0.18750000000000025,0.16666666666666666,-1.0,0.0,0.0,1.0,0.0,-0.7272727272727273,-0.30267941295274003
0.31250000000000044,-0.3333333333333333,0.5,-1.0,1.0,0.0,0.5,-0.36363636363636365,1.3189713208563354
1.0000000000000007,-0.8333333333333334,0.0,-1.3333333333333333,1.0,0.0,-0.8333333333333333,-1.0909090909090908,0.13248956510030976
-0.5,0.5,0.0,0.0,0.0,1.0,0.5,-0.36363636363636365,-0.15887976302679413
0.12500000000000017,-0.16666666666666666,2.0,-1.3333333333333333,1.0,-1.0,0.0,-0.36363636363636365,0.9710515686010506
0.0,0.0,-1.5,0.0,0.0,-1.0,-0.4999999999999999,-0.7272727272727273,-0.4211660158879764
0.31250000000000044,-0.3333333333333333,0.5,-1.0,1.0,-2.0,0.0,-0.36363636363636365,1.0943853507472738
0.31250000000000044,-0.3333333333333333,0.5,-1.0,1.0,-1.0,0.0,0.7272727272727273,1.1622458597010907
1.5000000000000007,-1.1666666666666667,-0.5,-1.5,1.0,-1.0,-0.4999999999999999,0.0,0.33122391275077423
-0.31250000000000044,0.3333333333333333,-0.5,0.0,0.0,0.0,0.0,0.7272727272727273,-0.3269153090076748
1.5000000000000007,-1.1666666666666667,-0.5,-1.5,1.0,1.0,0.0,-0.7272727272727273,0.5471926753736369
-0.5,0.5,0.0,0.0,0.0,-2.0,-0.4999999999999999,-0.36363636363636365,-0.3662313181634578
-0.18750000000000025,0.16666666666666666,-1.0,0.0,0.0,1.0,0.5,-0.7272727272727273,-0.1976571967146897
1.0000000000000007,-0.8333333333333334,0.0,-1.3333333333333333,1.0,1.0,0.5,0.0,0.8638750504914503
-0.7500000000000003,0.8333333333333334,1.0,0.0,0.0,1.0,0.5,0.36363636363636365,-0.07970916924734082
0.7500000000000003,-0.6666666666666666,-0.5,-1.0,1.0,1.0,0.0,0.0,0.5827386562542077
-0.6250000000000002,0.6666666666666666,0.5,0.0,0.0,-1.0,-0.8333333333333333,-1.0909090909090908,-0.4152416857412146
0.5,-0.5,0.0,-1.0,1.0,-1.0,0.5,0.0,0.6150531843274541
0.5,-0.5,0.0,-1.0,1.0,-2.0,-0.4999999999999999,-0.36363636363636365,0.2962165073380908
1.5000000000000007,-1.1666666666666667,-0.5,-1.5,1.0,-1.0,0.0,0.7272727272727273,0.5563484583277232
0.7500000000000003,-0.6666666666666666,-0.5,-1.0,1.0,-2.0,-0.4999999999999999,-0.7272727272727273,0.43247610071361264
-0.31250000000000044,0.3333333333333333,-0.5,0.0,0.0,1.0,0.0,-0.7272727272727273,-0.2978322337417531
0.5,-0.5,0.0,-1.0,1.0,-1.0,0.5,0.36363636363636365,0.5278039585296891
-0.5,0.5,0.0,0.0,0.0,0.0,0.5,0.7272727272727273,-0.1793456308065168
-0.7500000000000003,0.8333333333333334,1.0,0.0,0.0,-2.0,0.5,-0.7272727272727273,-0.17018984785243038
1.5000000000000007,-1.1666666666666667,-0.5,-1.5,1.0,-1.0,0.5,-0.7272727272727273,0.7545442305103003
0.0,0.0,-1.5,0.0,0.0,-2.0,-0.8333333333333333,-1.0909090909090908,-0.6559849198868993
-0.31250000000000044,0.3333333333333333,-0.5,0.0,0.0,-1.0,0.0,0.36363636363636365,-0.2854449979803421
1.0000000000000007,-0.8333333333333334,0.0,-1.3333333333333333,1.0,1.0,-0.4999999999999999,0.7272727272727273,0.5800457789147706
0.7500000000000003,-0.6666666666666666,-0.5,-1.0,1.0,1.0,0.0,0.36363636363636365,0.6263632691530902
0.5,-0.5,0.0,-1.0,1.0,1.0,0.0,-0.36363636363636365,0.360306988016696
-0.5,0.5,0.0,0.0,0.0,1.0,0.0,-0.7272727272727273,-0.273057762218931
0.5,-0.5,0.0,-1.0,1.0,0.0,-0.4999999999999999,-0.36363636363636365,0.2919079035949914
-0.31250000000000044,0.3333333333333333,-0.5,0.0,0.0,0.0,-0.4999999999999999,-0.7272727272727273,-0.3856200350074055
1.5000000000000007,-1.1666666666666667,-0.5,-1.5,1.0,1.0,-0.4999999999999999,-0.7272727272727273,0.3414568466406356
0.31250000000000044,-0.3333333333333333,0.5,-1.0,1.0,-1.0,0.0,0.36363636363636365,1.1089268883802348
-0.6250000000000002,0.6666666666666666,0.5,0.0,0.0,0.0,0.5,0.7272727272727273,-0.004847179210986933
-0.18750000000000025,0.16666666666666666,-1.0,0.0,0.0,1.0,0.5,0.36363636363636365,-0.19334859297159018
-0.6250000000000002,0.6666666666666666,0.5,0.0,0.0,1.0,0.5,-0.36363636363636365,0.04685606570620715
1.0000000000000007,-0.8333333333333334,0.0,-1.3333333333333333,1.0,0.0,-0.4999999999999999,0.36363636363636365,0.5714285714285715
0.7500000000000003,-0.6666666666666666,-0.5,-1.0,1.0,0.0,0.5,-0.7272727272727273,0.7453884475562141
-0.6250000000000002,0.6666666666666666,0.5,0.0,0.0,-1.0,0.0,-0.7272727272727273,-0.04847179210986933
0.5,-0.5,0.0,-1.0,1.0,0.0,0.0,-0.7272727272727273,0.46963780799784577
-0.7500000000000003,0.8333333333333334,1.0,0.0,0.0,0.0,0.0,-0.7272727272727273,-0.1707284233203178
-0.6250000000000002,0.6666666666666666,0.5,0.0,0.0,1.0,-0.4999999999999999,-0.36363636363636365,-0.16480409317355602
1.0000000000000007,-0.8333333333333334,0.0,-1.3333333333333333,1.0,-1.0,0.0,0.7272727272727273,0.7572371078497377
0.31250000000000044,-0.3333333333333333,0.5,-1.0,1.0,1.0,0.5,-0.7272727272727273,1.2613437457923795
0.31250000000000044,-0.3333333333333333,0.5,-1.0,1.0,0.0,-0.8333333333333333,-1.0909090909090908,0.6128988824559042
0.31250000000000044,-0.3333333333333333,0.5,-1.0,1.0,-1.0,0.5,-0.36363636363636365,1.3383600377002831
-0.7500000000000003,0.8333333333333334,1.0,0.0,0.0,-2.0,-0.4999999999999999,-0.36363636363636365,-0.28921502625555406
-0.5,0.5,0.0,0.0,0.0,0.0,0.0,-0.7272727272727273,-0.27359633768681846
0.0,0.0,-1.5,0.0,0.0,0.0,-0.4999999999999999,0.7272727272727273,-0.42601319509896335
1.5000000000000007,-1.1666666666666667,-0.5,-1.5,1.0,0.0,0.5,0.0,0.7529285041066379
-0.31250000000000044,0.3333333333333333,-0.5,0.0,0.0,1.0,-0.4999999999999999,-0.7272727272727273,-0.38185000673219344
0.5,-0.5,0.0,-1.0,1.0,-1.0,-0.4999999999999999,-0.7272727272727273,0.31129662043893913
0.7500000000000003,-0.6666666666666666,-0.5,-1.0,1.0,-2.0,0.5,0.0,0.7017638346573316
0.5,-0.5,0.0,-1.0,1.0,1.0,0.5,0.7272727272727273,0.6285175710246401
-0.18750000000000025,0.16666666666666666,-1.0,0.0,0.0,-1.0,-0.8333333333333333,-1.0909090909090908,-0.6382119294466139
-0.7500000000000003,0.8333333333333334,1.0,0.0,0.0,1.0,0.0,-0.7272727272727273,-0.1664198195772183
0.12500000000000017,-0.16666666666666666,2.0,-1.3333333333333333,1.0,1.0,0.5,-0.36363636363636365,1.1940218123064499
-0.18750000000000025,0.16666666666666666,-1.0,0.0,0.0,-1.0,0.5,-0.7272727272727273,-0.19658004577891483
0.12500000000000017,-0.16666666666666666,2.0,-1.3333333333333333,1.0,1.0,0.0,-0.7272727272727273,0.9791302006193621
-0.7500000000000003,0.8333333333333334,1.0,0.0,0.0,-1.0,0.0,0.0,-0.2105830079439882
-0.5,0.5,0.0,0.0,0.0,0.0,-0.4999999999999999,0.0,-0.3619227144203583
0.7500000000000003,-0.6666666666666666,-0.5,-1.0,1.0,0.0,0.5,-0.36363636363636365,0.7475427494277639
1.0000000000000007,-0.8333333333333334,0.0,-1.3333333333333333,1.0,1.0,0.5,0.36363636363636365,0.9866702571697862
-0.31250000000000044,0.3333333333333333,-0.5,0.0,0.0,-2.0,0.0,0.36363636363636365,-0.2875992998518918
-0.18750000000000025,0.16666666666666666,-1.0,0.0,0.0,1.0,-0.4999999999999999,0.36363636363636365,-0.40554732731924065
0.7500000000000003,-0.6666666666666666,-0.5,-1.0,1.0,-1.0,0.0,0.0,0.6005116466944931
-0.7500000000000003,0.8333333333333334,1.0,0.0,0.0,0.0,0.5,0.7272727272727273,-0.09532785781607647
-0.6250000000000002,0.6666666666666666,0.5,0.0,0.0,0.0,0.5,-0.7272727272727273,0.06624478255015488
-0.7500000000000003,0.8333333333333334,1.0,0.0,0.0,1.0,0.5,0.0,-0.0813248956510032
-0.18750000000000025,0.16666666666666666,-1.0,0.0,0.0,-2.0,0.0,0.0,-0.3145280732462637
-0.31250000000000044,0.3333333333333333,-0.5,0.0,0.0,1.0,0.5,0.7272727272727273,-0.21758448902652486
-0.31250000000000044,0.3333333333333333,-0.5,0.0,0.0,-2.0,-0.4999999999999999,0.0,-0.37861855392486876
-0.7500000000000003,0.8333333333333334,1.0,0.0,0.0,-1.0,0.0,0.7272727272727273,-0.22943314932004852
-0.7500000000000003,0.8333333333333334,1.0,0.0,0.0,-1.0,0.0,-0.7272727272727273,-0.1685741214487681
0.31250000000000044,-0.3333333333333333,0.5,-1.0,1.0,1.0,-0.4999999999999999,0.0,0.993671738252323
0.7500000000000003,-0.6666666666666666,-0.5,-1.0,1.0,-2.0,-0.4999999999999999,0.7272727272727273,0.4728692608051705
0.7500000000000003,-0.6666666666666666,-0.5,-1.0,1.0,0.0,0.5,0.36363636363636365,0.7486199003635385
0.0,0.0,-1.5,0.0,0.0,0.0,-0.4999999999999999,-0.7272727272727273,-0.4249360441631885
1.0000000000000007,-0.8333333333333334,0.0,-1.3333333333333333,1.0,1.0,0.0,0.36363636363636365,0.8094789282348192
0.31250000000000044,-0.3333333333333333,0.5,-1.0,1.0,1.0,0.5,0.0,1.2834253399757642
0.7500000000000003,-0.6666666666666666,-0.5,-1.0,1.0,-2.0,-0.4999999999999999,-0.36363636363636365,0.4432476100713614
0.31250000000000044,-0.3333333333333333,0.5,-1.0,1.0,0.0,-0.4999999999999999,-0.36363636363636365,1.0082132758852835
-0.18750000000000025,0.16666666666666666,-1.0,0.0,0.0,-1.0,0.5,0.7272727272727273,-0.30267941295274003
-0.7500000000000003,0.8333333333333334,1.0,0.0,0.0,-2.0,-0.4999999999999999,-0.7272727272727273,-0.28490642251245457
-0.7500000000000003,0.8333333333333334,1.0,0.0,0.0,-2.0,0.0,-0.36363636363636365,-0.2105830079439882
-0.6250000000000002,0.6666666666666666,0.5,0.0,0.0,-1.0,-0.4999999999999999,-0.7272727272727273,-0.16426551770566858
-0.31250000000000044,0.3333333333333333,-0.5,0.0,0.0,-1.0,0.0,0.0,-0.31183519590682646
-0.7500000000000003,0.8333333333333334,1.0,0.0,0.0,-1.0,0.0,0.36363636363636365,-0.19604147031102742
-0.6250000000000002,0.6666666666666666,0.5,0.0,0.0,-1.0,0.5,0.36363636363636365,0.047394641174094476
-0.31250000000000044,0.3333333333333333,-0.5,0.0,0.0,1.0,0.5,0.36363636363636365,-0.19065571563215294
0.0,0.0,-1.5,0.0,0.0,0.0,0.0,0.7272727272727273,-0.35599838427359637
0.7500000000000003,-0.6666666666666666,-0.5,-1.0,1.0,1.0,-0.8333333333333333,-1.0909090909090908,0.0032314528073245584
-0.6250000000000002,0.6666666666666666,0.5,0.0,0.0,1.0,-0.8333333333333333,-1.0909090909090908,-0.4141645348054397
-0.6250000000000002,0.6666666666666666,0.5,0.0,0.0,0.0,-0.8333333333333333,-1.0909090909090908,-0.4028544499798035
0.12500000000000017,-0.16666666666666666,2.0,-1.3333333333333333,1.0,1.0,-0.4999999999999999,0.0,0.8073246263632694
1.5000000000000007,-1.1666666666666667,-0.5,-1.5,1.0,1.0,0.5,0.36363636363636365,0.7803958529688976
-0.6250000000000002,0.6666666666666666,0.5,0.0,0.0,0.0,0.5,0.0,0.012387235761411094
-0.7500000000000003,0.8333333333333334,1.0,0.0,0.0,-1.0,0.0,-0.36363636363636365,-0.19334859297159018
-0.31250000000000044,0.3333333333333333,-0.5,0.0,0.0,0.0,-0.4999999999999999,0.0,-0.3850814595395181
-0.31250000000000044,0.3333333333333333,-0.5,0.0,0.0,-1.0,0.5,0.36363636363636365,-0.19550289484313998
-0.5,0.5,0.0,0.0,0.0,0.0,0.0,0.7272727272727273,-0.29460078093442854
-0.31250000000000044,0.3333333333333333,-0.5,0.0,0.0,-1.0,-0.4999999999999999,0.0,-0.38185000673219344
1.0000000000000007,-0.8333333333333334,0.0,-1.3333333333333333,1.0,-2.0,0.5,-0.7272727272727273,0.9812845024909117
0.7500000000000003,-0.6666666666666666,-0.5,-1.0,1.0,1.0,0.5,-0.7272727272727273,0.7023024101252189
0.31250000000000044,-0.3333333333333333,0.5,-1.0,1.0,-1.0,-0.4999999999999999,0.7272727272727273,0.9942103137202103
-0.6250000000000002,0.6666666666666666,0.5,0.0,0.0,-2.0,0.5,-0.36363636363636365,0.05116466944930656
0.7500000000000003,-0.6666666666666666,-0.5,-1.0,1.0,-2.0,0.0,0.36363636363636365,0.6042816749697052
0.5,-0.5,0.0,-1.0,1.0,1.0,-0.8333333333333333,-1.0909090909090908,-0.12225663121044837
-0.7500000000000003,0.8333333333333334,1.0,0.0,0.0,0.0,0.0,0.36363636363636365,-0.19604147031102742
0.31250000000000044,-0.3333333333333333,0.5,-1.0,1.0,-2.0,-0.4999999999999999,0.7272727272727273,1.0114447286926083
1.0000000000000007,-0.8333333333333334,0.0,-1.3333333333333333,1.0,-2.0,0.0,0.0,0.7206139760333918
0.0,0.0,-1.5,0.0,0.0,-2.0,0.0,-0.36363636363636365,-0.31775952605358837
-0.18750000000000025,0.16666666666666666,-1.0,0.0,0.0,1.0,0.0,-0.36363636363636365,-0.3102194695031642
0.5,-0.5,0.0,-1.0,1.0,0.0,0.0,0.36363636363636365,0.38669718594318037
0.5,-0.5,0.0,-1.0,1.0,-1.0,0.5,-0.36363636363636365,0.6053588259054801
1.0000000000000007,-0.8333333333333334,0.0,-1.3333333333333333,1.0,0.0,0.0,-0.36363636363636365,0.7583142587855124
0.12500000000000017,-0.16666666666666666,2.0,-1.3333333333333333,1.0,-1.0,0.0,0.36363636363636365,0.980207351555137
-0.6250000000000002,0.6666666666666666,0.5,0.0,0.0,0.0,0.0,0.0,-0.08563349939410261
0.7500000000000003,-0.6666666666666666,-0.5,-1.0,1.0,-1.0,-0.8333333333333333,-1.0909090909090908,0.0915578295408644
0.7500000000000003,-0.6666666666666666,-0.5,-1.0,1.0,-1.0,-0.4999999999999999,0.7272727272727273,0.441631883667699
0.12500000000000017,-0.16666666666666666,2.0,-1.3333333333333333,1.0,0.0,-0.8333333333333333,-1.0909090909090908,0.35115120506260944
-0.18750000000000025,0.16666666666666666,-1.0,0.0,0.0,-1.0,-0.4999999999999999,0.36363636363636365,-0.40770162919079045
-0.7500000000000003,0.8333333333333334,1.0,0.0,0.0,0.0,0.0,0.7272727272727273,-0.22027736636596207
-0.18750000000000025,0.16666666666666666,-1.0,0.0,0.0,1.0,0.5,0.7272727272727273,-0.31398949777837626
-0.31250000000000044,0.3333333333333333,-0.5,0.0,0.0,-2.0,0.5,0.7272727272727273,-0.22243166823751187
-0.6250000000000002,0.6666666666666666,0.5,0.0,0.0,-2.0,0.0,0.0,-0.07647771644001627
0.12500000000000017,-0.16666666666666666,2.0,-1.3333333333333333,1.0,-2.0,0.5,0.0,1.1347785108388315
0.7500000000000003,-0.6666666666666666,-0.5,-1.0,1.0,1.0,-0.4999999999999999,0.36363636363636365,0.4728692608051705
0.12500000000000017,-0.16666666666666666,2.0,-1.3333333333333333,1.0,-2.0,0.0,0.7272727272727273,0.9392756159956915
-0.7500000000000003,0.8333333333333334,1.0,0.0,0.0,-1.0,-0.4999999999999999,-0.7272727272727273,-0.28436784704456713
-0.31250000000000044,0.3333333333333333,-0.5,0.0,0.0,-1.0,0.0,-0.36363636363636365,-0.2897536017234416
-0.7500000000000003,0.8333333333333334,1.0,0.0,0.0,-2.0,0.0,-0.7272727272727273,-0.17018984785243038
-0.6250000000000002,0.6666666666666666,0.5,0.0,0.0,0.0,0.0,0.7272727272727273,-0.08024774471522815
-0.7500000000000003,0.8333333333333334,1.0,0.0,0.0,-2.0,-0.4999999999999999,0.7272727272727273,-0.30483371482428984
-0.6250000000000002,0.6666666666666666,0.5,0.0,0.0,-2.0,-0.4999999999999999,0.0,-0.1664198195772183
-0.7500000000000003,0.8333333333333334,1.0,0.0,0.0,1.0,0.5,-0.36363636363636365,-0.05924330146761824
-0.18750000000000025,0.16666666666666666,-1.0,0.0,0.0,-1.0,0.0,-0.36363636363636365,-0.320990978860913
0.7500000000000003,-0.6666666666666666,-0.5,-1.0,1.0,-1.0,-0.4999999999999999,0.0,0.4427090346034739
0.0,0.0,-1.5,0.0,0.0,1.0,-0.4999999999999999,-0.7272727272727273,-0.4233203177595261
-0.5,0.5,0.0,0.0,0.0,0.0,0.0,0.0,-0.29675508280597823
-0.5,0.5,0.0,0.0,0.0,-1.0,-0.4999999999999999,0.7272727272727273,-0.3721556483102196
0.12500000000000017,-0.16666666666666666,2.0,-1.3333333333333333,1.0,-2.0,-0.4999999999999999,-0.7272727272727273,0.7922445132624212
0.12500000000000017,-0.16666666666666666,2.0,-1.3333333333333333,1.0,1.0,0.5,0.36363636363636365,1.1773259728019392
-0.7500000000000003,0.8333333333333334,1.0,0.0,0.0,-2.0,-0.4999999999999999,0.0,-0.2999865356133029
-0.18750000000000025,0.16666666666666666,-1.0,0.0,0.0,1.0,-0.4999999999999999,0.7272727272727273,-0.2455904133566717
-0.7500000000000003,0.8333333333333334,1.0,0.0,0.0,-2.0,-0.4999999999999999,0.36363636363636365,-0.2908307526592165
-0.6250000000000002,0.6666666666666666,0.5,0.0,0.0,-2.0,-0.4999999999999999,-0.7272727272727273,-0.15295543288003235
-0.18750000000000025,0.16666666666666666,-1.0,0.0,0.0,0.0,0.5,0.0,-0.23212602665948576
0.12500000000000017,-0.16666666666666666,2.0,-1.3333333333333333,1.0,-1.0,-0.4999999999999999,-0.36363636363636365,0.7620842870607245
-0.18750000000000025,0.16666666666666666,-1.0,0.0,0.0,-1.0,-0.4999999999999999,-0.36363636363636365,-0.40554732731924065
0.7500000000000003,-0.6666666666666666,-0.5,-1.0,1.0,-1.0,0.5,0.0,0.7470041739598762
1.5000000000000007,-1.1666666666666667,-0.5,-1.5,1.0,-1.0,0.0,-0.7272727272727273,0.5331897132085635
-0.7500000000000003,0.8333333333333334,1.0,0.0,0.0,0.0,-0.4999999999999999,0.36363636363636365,-0.2827521206409049
1.5000000000000007,-1.1666666666666667,-0.5,-1.5,1.0,-2.0,-0.8333333333333333,-1.0909090909090908,-0.1454153763296082
-0.5,0.5,0.0,0.0,0.0,1.0,0.5,0.7272727272727273,-0.1664198195772183
-0.31250000000000044,0.3333333333333333,-0.5,0.0,0.0,-2.0,0.0,-0.36363636363636365,-0.2908307526592165
1.5000000000000007,-1.1666666666666667,-0.5,-1.5,1.0,-2.0,0.5,0.36363636363636365,0.7863201831156593
1.5000000000000007,-1.1666666666666667,-0.5,-1.5,1.0,0.0,0.0,0.36363636363636365,0.5331897132085635
-0.5,0.5,0.0,0.0,0.0,0.0,-0.4999999999999999,0.7272727272727273,-0.37861855392486876
0.0,0.0,-1.5,0.0,0.0,0.0,0.5,-0.36363636363636365,-0.21920021543018722
0.12500000000000017,-0.16666666666666666,2.0,-1.3333333333333333,1.0,-2.0,-0.4999999999999999,-0.36363636363636365,0.8030160226201697
-0.5,0.5,0.0,0.0,0.0,-2.0,-0.4999999999999999,0.36363636363636365,-0.3667698936313452
0.31250000000000044,-0.3333333333333333,0.5,-1.0,1.0,-1.0,0.5,-0.7272727272727273,1.312508415241686
0.0,0.0,-1.5,0.0,0.0,0.0,0.5,0.36363636363636365,-0.21166015887976306
1.0000000000000007,-0.8333333333333334,0.0,-1.3333333333333333,1.0,-1.0,0.5,-0.7272727272727273,1.0227548135182447
-0.31250000000000044,0.3333333333333333,-0.5,0.0,0.0,0.0,-0.4999999999999999,0.7272727272727273,-0.3845428840716307
-0.18750000000000025,0.16666666666666666,-1.0,0.0,0.0,0.0,0.0,-0.7272727272727273,-0.3059108657600647
1.5000000000000007,-1.1666666666666667,-0.5,-1.5,1.0,0.0,0.5,-0.7272727272727273,0.7669314662717116
1.5000000000000007,-1.1666666666666667,-0.5,-1.5,1.0,-2.0,-0.4999999999999999,0.0,0.3247610071361251
-0.7500000000000003,0.8333333333333334,1.0,0.0,0.0,1.0,0.0,0.36363636363636365,-0.19388716843947762
0.12500000000000017,-0.16666666666666666,2.0,-1.3333333333333333,1.0,0.0,0.5,-0.36363636363636365,1.2021004443247614
0.0,0.0,-1.5,0.0,0.0,-2.0,0.5,0.36363636363636365,-0.20896728154032593
-0.5,0.5,0.0,0.0,0.0,1.0,0.5,0.36363636363636365,-0.15887976302679413
-0.18750000000000025,0.16666666666666666,-1.0,0.0,0.0,-2.0,-0.4999999999999999,0.7272727272727273,-0.40231587451191614
0.0,0.0,-1.5,0.0,0.0,-1.0,0.5,0.0,-0.21704591355863742
0.31250000000000044,-0.3333333333333333,0.5,-1.0,1.0,1.0,0.0,-0.7272727272727273,1.1196983977379833
0.12500000000000017,-0.16666666666666666,2.0,-1.3333333333333333,1.0,0.0,0.0,-0.7272727272727273,1.0049818230779588
-0.5,0.5,0.0,0.0,0.0,-2.0,0.0,0.0,-0.28436784704456713
-0.7500000000000003,0.8333333333333334,1.0,0.0,0.0,0.0,-0.8333333333333333,-1.0909090909090908,-0.5278039585296891
0.5,-0.5,0.0,-1.0,1.0,-1.0,0.0,-0.36363636363636365,0.4163188366769895
-0.31250000000000044,0.3333333333333333,-0.5,0.0,0.0,1.0,0.0,-0.36363636363636365,-0.2854449979803421
0.31250000000000044,-0.3333333333333333,0.5,-1.0,1.0,1.0,0.5,-0.36363636363636365,1.2748081324895655
0.12500000000000017,-0.16666666666666666,2.0,-1.3333333333333333,1.0,-1.0,-0.4999999999999999,0.7272727272727273,0.805708899959607
1.5000000000000007,-1.1666666666666667,-0.5,-1.5,1.0,1.0,-0.4999999999999999,0.36363636363636365,0.3269153090076748
-0.7500000000000003,0.8333333333333334,1.0,0.0,0.0,1.0,0.5,0.7272727272727273,-0.08671065032987746
0.12500000000000017,-0.16666666666666666,2.0,-1.3333333333333333,1.0,-1.0,0.5,0.0,1.1627844351689784
0.7500000000000003,-0.6666666666666666,-0.5,-1.0,1.0,1.0,-0.4999999999999999,-0.36363636363636365,0.3829271576679683
0.7500000000000003,-0.6666666666666666,-0.5,-1.0,1.0,1.0,-0.4999999999999999,-0.7272727272727273,0.3780799784569814
1.5000000000000007,-1.1666666666666667,-0.5,-1.5,1.0,0.0,0.5,-0.36363636363636365,0.7534670795745256
-0.6250000000000002,0.6666666666666666,0.5,0.0,0.0,-2.0,0.5,0.0,0.012387235761411094
1.0000000000000007,-0.8333333333333334,0.0,-1.3333333333333333,1.0,-2.0,-0.4999999999999999,-0.36363636363636365,0.5725057223643464
0.5,-0.5,0.0,-1.0,1.0,-1.0,0.0,0.36363636363636365,0.36138413895247085
0.31250000000000044,-0.3333333333333333,0.5,-1.0,1.0,-1.0,0.5,0.36363636363636365,1.264575198599704
1.0000000000000007,-0.8333333333333334,0.0,-1.3333333333333333,1.0,1.0,0.5,0.7272727272727273,0.9150397199407571
-0.5,0.5,0.0,0.0,0.0,1.0,0.0,0.0,-0.29136932812710387
-0.31250000000000044,0.3333333333333333,-0.5,0.0,0.0,1.0,-0.4999999999999999,0.0,-0.3829271576679683
0.31250000000000044,-0.3333333333333333,0.5,-1.0,1.0,-2.0,0.0,-0.7272727272727273,1.0997711054261483
0.5,-0.5,0.0,-1.0,1.0,0.0,0.0,0.0,0.3834657331358558
0.5,-0.5,0.0,-1.0,1.0,-2.0,0.0,0.36363636363636365,0.39908442170459146
0.31250000000000044,-0.3333333333333333,0.5,-1.0,1.0,1.0,0.5,0.7272727272727273,1.2139491046182849
1.0000000000000007,-0.8333333333333334,0.0,-1.3333333333333333,1.0,-1.0,-0.4999999999999999,0.0,0.5795072034468832
-0.18750000000000025,0.16666666666666666,-1.0,0.0,0.0,-2.0,-0.4999999999999999,-0.36363636363636365,-0.4098559310623402
-0.31250000000000044,0.3333333333333333,-0.5,0.0,0.0,1.0,0.5,-0.36363636363636365,-0.19550289484313998
-0.7500000000000003,0.8333333333333334,1.0,0.0,0.0,-1.0,0.5,0.0,-0.10232933889861312
-0.6250000000000002,0.6666666666666666,0.5,0.0,0.0,-1.0,-0.4999999999999999,0.0,-0.15564831021946957
1.5000000000000007,-1.1666666666666667,-0.5,-1.5,1.0,0.0,0.5,0.36363636363636365,0.7518513531708633
0.5,-0.5,0.0,-1.0,1.0,1.0,0.0,0.7272727272727273,0.38992863875050493
1.0000000000000007,-0.8333333333333334,0.0,-1.3333333333333333,1.0,-2.0,0.0,0.36363636363636365,0.7766258246936855
-0.5,0.5,0.0,0.0,0.0,-1.0,0.5,0.7272727272727273,-0.1793456308065168
-0.7500000000000003,0.8333333333333334,1.0,0.0,0.0,1.0,0.5,-0.7272727272727273,-0.05978187693550557
-0.31250000000000044,0.3333333333333333,-0.5,0.0,0.0,-1.0,0.0,-0.7272727272727273,-0.28652214891611694
0.31250000000000044,-0.3333333333333333,0.5,-1.0,1.0,-1.0,0.0,-0.36363636363636365,1.1816345765450385
-0.5,0.5,0.0,0.0,0.0,-1.0,0.5,0.36363636363636365,-0.15941833849468165
-0.7500000000000003,0.8333333333333334,1.0,0.0,0.0,0.0,-0.4999999999999999,-0.36363636363636365,-0.28436784704456713
1.0000000000000007,-0.8333333333333334,0.0,-1.3333333333333333,1.0,-2.0,0.5,0.7272727272727273,0.9381984650599169
-0.7500000000000003,0.8333333333333334,1.0,0.0,0.0,-1.0,-0.4999999999999999,-0.36363636363636365,-0.2827521206409049
0.5,-0.5,0.0,-1.0,1.0,1.0,0.0,0.0,0.37269422377810707
0.5,-0.5,0.0,-1.0,1.0,-1.0,0.0,0.7272727272727273,0.37269422377810707
-0.31250000000000044,0.3333333333333333,-0.5,0.0,0.0,-2.0,0.0,-0.7272727272727273,-0.29460078093442854
0.31250000000000044,-0.3333333333333333,0.5,-1.0,1.0,1.0,-0.8333333333333333,-1.0909090909090908,0.5655042412818098
-0.18750000000000025,0.16666666666666666,-1.0,0.0,0.0,-2.0,-0.4999999999999999,0.0,-0.4028544499798035
1.5000000000000007,-1.1666666666666667,-0.5,-1.5,1.0,1.0,0.5,0.0,0.7809344284367848
0.0,0.0,-1.5,0.0,0.0,-2.0,0.0,-0.7272727272727273,-0.3134509223104888
1.0000000000000007,-0.8333333333333334,0.0,-1.3333333333333333,1.0,0.0,0.0,0.0,0.7771644001615728
-0.6250000000000002,0.6666666666666666,0.5,0.0,0.0,1.0,0.5,0.36363636363636365,0.03177595260535883
0.5,-0.5,0.0,-1.0,1.0,-2.0,-0.8333333333333333,-1.0909090909090908,-0.0646290561464925
0.12500000000000017,-0.16666666666666666,2.0,-1.3333333333333333,1.0,1.0,0.0,0.0,0.9839773798303492
0.0,0.0,-1.5,0.0,0.0,-2.0,0.0,0.0,-0.3473811767873974
0.31250000000000044,-0.3333333333333333,0.5,-1.0,1.0,-1.0,0.0,-0.7272727272727273,1.1730173690588397
0.31250000000000044,-0.3333333333333333,0.5,-1.0,1.0,0.0,0.0,-0.36363636363636365,1.169785916251515
0.0,0.0,-1.5,0.0,0.0,-1.0,-0.8333333333333333,-1.0909090909090908,-0.6570620708226742
1.5000000000000007,-1.1666666666666667,-0.5,-1.5,1.0,-2.0,0.5,-0.36363636363636365,0.784704456711997
0.0,0.0,-1.5,0.0,0.0,-1.0,-0.4999999999999999,0.0,-0.42601319509896335
-0.5,0.5,0.0,0.0,0.0,0.0,-0.8333333333333333,-1.0909090909090908,-0.6005116466944932
0.0,0.0,-1.5,0.0,0.0,1.0,0.0,0.7272727272727273,-0.33553251649387383
1.0000000000000007,-0.8333333333333334,0.0,-1.3333333333333333,1.0,-1.0,-0.4999999999999999,0.7272727272727273,0.5832772317220951
0.7500000000000003,-0.6666666666666666,-0.5,-1.0,1.0,0.0,0.0,-0.7272727272727273,0.611283156052242
0.31250000000000044,-0.3333333333333333,0.5,-1.0,1.0,-1.0,0.5,0.0,1.241416453480544
-0.31250000000000044,0.3333333333333333,-0.5,0.0,0.0,-2.0,0.0,0.0,-0.3182981015214758
-0.7500000000000003,0.8333333333333334,1.0,0.0,0.0,1.0,0.0,0.7272727272727273,-0.23643463040258525
-0.31250000000000044,0.3333333333333333,-0.5,0.0,0.0,-2.0,-0.4999999999999999,0.7272727272727273,-0.3791571293927562
0.5,-0.5,0.0,-1.0,1.0,0.0,0.5,-0.36363636363636365,0.559579911135048
0.7500000000000003,-0.6666666666666666,-0.5,-1.0,1.0,0.0,-0.4999999999999999,0.0,0.46532920425474633
-0.18750000000000025,0.16666666666666666,-1.0,0.0,0.0,0.0,-0.4999999999999999,-0.36363636363636365,-0.4147031102733271
0.5,-0.5,0.0,-1.0,1.0,0.0,0.5,0.0,0.6042816749697052
1.0000000000000007,-0.8333333333333334,0.0,-1.3333333333333333,1.0,-1.0,0.0,-0.36363636363636365,0.8089403527669319
-0.7500000000000003,0.8333333333333334,1.0,0.0,0.0,0.0,0.0,0.0,-0.23158745119159832
-0.7500000000000003,0.8333333333333334,1.0,0.0,0.0,1.0,-0.4999999999999999,0.7272727272727273,-0.3032179884206276
0.31250000000000044,-0.3333333333333333,0.5,-1.0,1.0,-1.0,-0.4999999999999999,-0.36363636363636365,1.0238319644540192
-0.18750000000000025,0.16666666666666666,-1.0,0.0,0.0,-1.0,0.5,0.36363636363636365,-0.1911942911000405
-0.18750000000000025,0.16666666666666666,-1.0,0.0,0.0,-1.0,-0.4999999999999999,0.0,-0.40770162919079045
0.12500000000000017,-0.16666666666666666,2.0,-1.3333333333333333,1.0,1.0,0.0,-0.36363636363636365,0.980207351555137
0.31250000000000044,-0.3333333333333333,0.5,-1.0,1.0,0.0,0.0,0.36363636363636365,1.0814595395179751
0.7500000000000003,-0.6666666666666666,-0.5,-1.0,1.0,-1.0,-0.4999999999999999,-0.7272727272727273,0.4664063551905212
1.5000000000000007,-1.1666666666666667,-0.5,-1.5,1.0,1.0,0.5,-0.7272727272727273,0.7690857681432614
-0.18750000000000025,0.16666666666666666,-1.0,0.0,0.0,0.0,-0.4999999999999999,0.36363636363636365,-0.41578026120910205
-0.6250000000000002,0.6666666666666666,0.5,0.0,0.0,-2.0,-0.4999999999999999,0.7272727272727273,-0.1664198195772183
0.31250000000000044,-0.3333333333333333,0.5,-1.0,1.0,-1.0,-0.8333333333333333,-1.0909090909090908,0.627440420088865
-0.6250000000000002,0.6666666666666666,0.5,0.0,0.0,1.0,0.0,0.7272727272727273,-0.07163053722902914
-0.31250000000000044,0.3333333333333333,-0.5,0.0,0.0,0.0,0.0,-0.7272727272727273,-0.29729365827386567
0.5,-0.5,0.0,-1.0,1.0,1.0,-0.4999999999999999,0.7272727272727273,0.3021408374848526
-0.5,0.5,0.0,0.0,0.0,-1.0,0.0,0.7272727272727273,-0.29244647906287874
-0.7500000000000003,0.8333333333333334,1.0,0.0,0.0,0.0,0.5,-0.36363636363636365,-0.053318971320856265
0.31250000000000044,-0.3333333333333333,0.5,-1.0,1.0,-1.0,0.5,0.7272727272727273,1.2769624343611152
-0.7500000000000003,0.8333333333333334,1.0,0.0,0.0,0.0,-0.4999999999999999,0.0,-0.29837080920964054
0.31250000000000044,-0.3333333333333333,0.5,-1.0,1.0,1.0,-0.4999999999999999,-0.36363636363636365,0.9575871819038646
0.5,-0.5,0.0,-1.0,1.0,-2.0,0.5,0.7272727272727273,0.6328261747677395
-0.31250000000000044,0.3333333333333333,-0.5,0.0,0.0,1.0,0.0,0.36363636363636365,-0.29029217719132905
-0.7500000000000003,0.8333333333333334,1.0,0.0,0.0,0.0,-0.4999999999999999,-0.7272727272727273,-0.28652214891611694
-0.5,0.5,0.0,0.0,0.0,-2.0,-0.4999999999999999,0.0,-0.3586912616130336
0.5,-0.5,0.0,-1.0,1.0,-1.0,0.0,-0.7272727272727273,0.4857950720344689
0.31250000000000044,-0.3333333333333333,0.5,-1.0,1.0,-2.0,0.5,0.7272727272727273,1.2850410663794267
-0.6250000000000002,0.6666666666666666,0.5,0.0,0.0,-1.0,0.5,-0.7272727272727273,0.05978187693550557
1.0000000000000007,-0.8333333333333334,0.0,-1.3333333333333333,1.0,-2.0,0.5,0.0,0.8611821731520133
0.7500000000000003,-0.6666666666666666,-0.5,-1.0,1.0,-1.0,0.5,-0.7272727272727273,0.7615457115928371
0.7500000000000003,-0.6666666666666666,-0.5,-1.0,1.0,-2.0,0.5,0.36363636363636365,0.7610071361249499
-0.6250000000000002,0.6666666666666666,0.5,0.0,0.0,-1.0,0.0,0.7272727272727273,-0.0748619900363539
1.0000000000000007,-0.8333333333333334,0.0,-1.3333333333333333,1.0,-1.0,-0.8333333333333333,-1.0909090909090908,0.1728827251918676
-0.31250000000000044,0.3333333333333333,-0.5,0.0,0.0,-1.0,0.5,0.7272727272727273,-0.21381446075131286
-0.7500000000000003,0.8333333333333334,1.0,0.0,0.0,-1.0,-0.8333333333333333,-1.0909090909090908,-0.5256496566581393
0.31250000000000044,-0.3333333333333333,0.5,-1.0,1.0,1.0,0.0,0.7272727272727273,1.098693954490373
0.7500000000000003,-0.6666666666666666,-0.5,-1.0,1.0,-2.0,0.5,-0.36363636363636365,0.7663928908038239
0.0,0.0,-1.5,0.0,0.0,1.0,-0.4999999999999999,0.0,-0.42385889322741355
0.31250000000000044,-0.3333333333333333,0.5,-1.0,1.0,-2.0,-0.8333333333333333,-1.0909090909090908,0.5531170055203987
1.5000000000000007,-1.1666666666666667,-0.5,-1.5,1.0,-2.0,-0.4999999999999999,-0.7272727272727273,0.3409182711727481
0.12500000000000017,-0.16666666666666666,2.0,-1.3333333333333333,1.0,1.0,0.5,0.7272727272727273,1.1638615861047532
-0.31250000000000044,0.3333333333333333,-0.5,0.0,0.0,-2.0,0.5,0.36363636363636365,-0.1998114985862395
1.5000000000000007,-1.1666666666666667,-0.5,-1.5,1.0,1.0,-0.8333333333333333,-1.0909090909090908,-0.1454153763296082
-0.7500000000000003,0.8333333333333334,1.0,0.0,0.0,-1.0,0.5,-0.36363636363636365,-0.05493469772451864
0.5,-0.5,0.0,-1.0,1.0,1.0,0.5,-0.7272727272727273,0.5601184866029353
-0.18750000000000025,0.16666666666666666,-1.0,0.0,0.0,-2.0,0.0,-0.7272727272727273,-0.3059108657600647
0.5,-0.5,0.0,-1.0,1.0,-1.0,0.5,-0.7272727272727273,0.6279789955567525
1.5000000000000007,-1.1666666666666667,-0.5,-1.5,1.0,-2.0,0.0,0.7272727272727273,0.5622727884744851
0.5,-0.5,0.0,-1.0,1.0,1.0,0.0,0.36363636363636365,0.41739598761276436
-0.5,0.5,0.0,0.0,0.0,-2.0,0.5,0.36363636363636365,-0.1567254611552444
-0.6250000000000002,0.6666666666666666,0.5,0.0,0.0,1.0,-0.4999999999999999,0.7272727272727273,-0.15564831021946957
1.5000000000000007,-1.1666666666666667,-0.5,-1.5,1.0,-2.0,-0.4999999999999999,-0.36363636363636365,0.3252995826040124
-0.7500000000000003,0.8333333333333334,1.0,0.0,0.0,-1.0,-0.4999999999999999,0.7272727272727273,-0.29675508280597823
-0.31250000000000044,0.3333333333333333,-0.5,0.0,0.0,1.0,0.0,0.7272727272727273,-0.3112966204389391
-0.31250000000000044,0.3333333333333333,-0.5,0.0,0.0,-1.0,-0.4999999999999999,0.36363636363636365,-0.37861855392486876
0.0,0.0,-1.5,0.0,0.0,0.0,-0.8333333333333333,-1.0909090909090908,-0.659216372694224
-0.18750000000000025,0.16666666666666666,-1.0,0.0,0.0,1.0,0.5,-0.36363636363636365,-0.19065571563215294
0.12500000000000017,-0.16666666666666666,2.0,-1.3333333333333333,1.0,1.0,-0.4999999999999999,0.7272727272727273,0.8089403527669319
1.0000000000000007,-0.8333333333333334,0.0,-1.3333333333333333,1.0,-1.0,0.0,0.36363636363636365,0.7238454288407166
1.5000000000000007,-1.1666666666666667,-0.5,-1.5,1.0,0.0,-0.4999999999999999,-0.7272727272727273,0.3436111485121853
-0.18750000000000025,0.16666666666666666,-1.0,0.0,0.0,-2.0,0.0,-0.36363636363636365,-0.3188366769893632
-0.5,0.5,0.0,0.0,0.0,-1.0,-0.4999999999999999,0.36363636363636365,-0.3678470445671201
-0.5,0.5,0.0,0.0,0.0,-1.0,-0.8333333333333333,-1.0909090909090908,-0.6005116466944932
0.5,-0.5,0.0,-1.0,1.0,-1.0,-0.4999999999999999,0.0,0.3010636865490778
-0.7500000000000003,0.8333333333333334,1.0,0.0,0.0,-1.0,-0.4999999999999999,0.36363636363636365,-0.2805978187693552
0.31250000000000044,-0.3333333333333333,0.5,-1.0,1.0,0.0,0.5,0.7272727272727273,1.2301063686549083
-0.5,0.5,0.0,0.0,0.0,0.0,0.0,-0.36363636363636365,-0.295139356402316
-0.5,0.5,0.0,0.0,0.0,-1.0,0.0,0.36363636363636365,-0.2827521206409049
-0.31250000000000044,0.3333333333333333,-0.5,0.0,0.0,0.0,0.0,-0.36363636363636365,-0.29729365827386567
0.7500000000000003,-0.6666666666666666,-0.5,-1.0,1.0,0.0,0.0,0.36363636363636365,0.5832772317220951
0.12500000000000017,-0.16666666666666666,2.0,-1.3333333333333333,1.0,-2.0,0.5,0.7272727272727273,1.1078497374444596
-0.18750000000000025,0.16666666666666666,-1.0,0.0,0.0,1.0,-0.4999999999999999,0.0,-0.40662447825501563
-0.18750000000000025,0.16666666666666666,-1.0,0.0,0.0,1.0,0.5,0.0,-0.23643463040258525
-0.18750000000000025,0.16666666666666666,-1.0,0.0,0.0,1.0,-0.4999999999999999,-0.36363636363636365,-0.40770162919079045
-0.6250000000000002,0.6666666666666666,0.5,0.0,0.0,1.0,0.5,-0.7272727272727273,0.06301332974283032
1.5000000000000007,-1.1666666666666667,-0.5,-1.5,1.0,0.0,-0.4999999999999999,0.36363636363636365,0.31183519590682646
-0.31250000000000044,0.3333333333333333,-0.5,0.0,0.0,-1.0,0.5,0.0,-0.19873434765046455
-0.6250000000000002,0.6666666666666666,0.5,0.0,0.0,-1.0,0.5,0.0,0.024774471522822188
0.12500000000000017,-0.16666666666666666,2.0,-1.3333333333333333,1.0,1.0,0.0,0.7272727272727273,0.993671738252323
0.12500000000000017,-0.16666666666666666,2.0,-1.3333333333333333,1.0,0.0,0.5,0.7272727272727273,1.1342399353709443
1.5000000000000007,-1.1666666666666667,-0.5,-1.5,1.0,-1.0,0.5,0.7272727272727273,0.7793187020331225
0.12500000000000017,-0.16666666666666666,2.0,-1.3333333333333333,1.0,-1.0,0.5,0.7272727272727273,1.156321529554329
0.31250000000000044,-0.3333333333333333,0.5,-1.0,1.0,0.0,-0.4999999999999999,0.0,1.0082132758852835
0.0,0.0,-1.5,0.0,0.0,-2.0,0.5,-0.7272727272727273,-0.20088864952201435
0.7500000000000003,-0.6666666666666666,-0.5,-1.0,1.0,-2.0,-0.4999999999999999,0.0,0.3856200350074055
0.7500000000000003,-0.6666666666666666,-0.5,-1.0,1.0,-2.0,0.5,-0.7272727272727273,0.7346169381984653
0.12500000000000017,-0.16666666666666666,2.0,-1.3333333333333333,1.0,1.0,0.5,-0.7272727272727273,1.1945603877743372
0.5,-0.5,0.0,-1.0,1.0,1.0,0.5,-0.36363636363636365,0.5256496566581395
0.5,-0.5,0.0,-1.0,1.0,1.0,-0.4999999999999999,-0.36363636363636365,0.24451326242089674
-0.31250000000000044,0.3333333333333333,-0.5,0.0,0.0,0.0,-0.4999999999999999,0.36363636363636365,-0.38669718594318037
0.5,-0.5,0.0,-1.0,1.0,0.0,0.5,-0.7272727272727273,0.6075131277770299
1.0000000000000007,-0.8333333333333334,0.0,-1.3333333333333333,1.0,1.0,-0.4999999999999999,-0.36363636363636365,0.5197253265113775
-0.5,0.5,0.0,0.0,0.0,-1.0,0.0,0.0,-0.28221354517301744
-0.31250000000000044,0.3333333333333333,-0.5,0.0,0.0,1.0,0.0,0.0,-0.33014676181499947
0.12500000000000017,-0.16666666666666666,2.0,-1.3333333333333333,1.0,1.0,-0.4999999999999999,-0.36363636363636365,0.7626228625286118
1.0000000000000007,-0.8333333333333334,0.0,-1.3333333333333333,1.0,-1.0,-0.4999999999999999,-0.7272727272727273,0.6258246936852029
1.0000000000000007,-0.8333333333333334,0.0,-1.3333333333333333,1.0,1.0,-0.4999999999999999,0.0,0.581661505318433
0.31250000000000044,-0.3333333333333333,0.5,-1.0,1.0,1.0,0.0,0.0,1.1622458597010907
1.5000000000000007,-1.1666666666666667,-0.5,-1.5,1.0,1.0,0.5,0.7272727272727273,0.7798572775010099
0.5,-0.5,0.0,-1.0,1.0,1.0,-0.4999999999999999,0.36363636363636365,0.3226067052645752
0.0,0.0,-1.5,0.0,0.0,0.0,0.5,0.0,-0.22350881917328674
0.12500000000000017,-0.16666666666666666,2.0,-1.3333333333333333,1.0,-1.0,0.5,-0.36363636363636365,1.179480274673489
0.7500000000000003,-0.6666666666666666,-0.5,-1.0,1.0,-2.0,-0.8333333333333333,-1.0909090909090908,0.06732193348592973
1.5000000000000007,-1.1666666666666667,-0.5,-1.5,1.0,-1.0,0.5,0.0,0.7777029756294601
-0.5,0.5,0.0,0.0,0.0,-2.0,-0.8333333333333333,-1.0909090909090908,-0.5962030429513937
0.12500000000000017,-0.16666666666666666,2.0,-1.3333333333333333,1.0,-2.0,0.0,0.36363636363636365,1.007136124949509
0.5,-0.5,0.0,-1.0,1.0,-1.0,-0.4999999999999999,0.7272727272727273,0.30375656388851496
0.5,-0.5,0.0,-1.0,1.0,1.0,0.0,-0.7272727272727273,0.4276289215026257
0.7500000000000003,-0.6666666666666666,-0.5,-1.0,1.0,-1.0,0.5,-0.36363636363636365,0.7803958529688976
-0.18750000000000025,0.16666666666666666,-1.0,0.0,0.0,0.0,0.5,-0.7272727272727273,-0.2019658004577892
1.0000000000000007,-0.8333333333333334,0.0,-1.3333333333333333,1.0,0.0,0.5,0.7272727272727273,0.8870337956106101
0.12500000000000017,-0.16666666666666666,2.0,-1.3333333333333333,1.0,0.0,-0.4999999999999999,0.7272727272727273,0.7653157398680492
0.7500000000000003,-0.6666666666666666,-0.5,-1.0,1.0,-1.0,0.0,-0.7272727272727273,0.6355190521071767
-0.18750000000000025,0.16666666666666666,-1.0,0.0,0.0,0.0,0.0,0.0,-0.3312239127507743
1.0000000000000007,-0.8333333333333334,0.0,-1.3333333333333333,1.0,0.0,-0.4999999999999999,0.0,0.6123603069880169
-0.5,0.5,0.0,0.0,0.0,-1.0,0.5,-0.36363636363636365,-0.15941833849468165
0.5,-0.5,0.0,-1.0,1.0,-2.0,0.5,0.36363636363636365,0.5751985997037836
0.12500000000000017,-0.16666666666666666,2.0,-1.3333333333333333,1.0,0.0,0.5,-0.7272727272727273,1.2096405008751854
0.7500000000000003,-0.6666666666666666,-0.5,-1.0,1.0,-2.0,0.0,0.7272727272727273,0.6172074861990038
1.5000000000000007,-1.1666666666666667,-0.5,-1.5,1.0,1.0,-0.4999999999999999,0.0,0.32853103541133716
1.5000000000000007,-1.1666666666666667,-0.5,-1.5,1.0,0.0,-0.4999999999999999,0.0,0.31560522418203857
-0.5,0.5,0.0,0.0,0.0,1.0,0.5,-0.7272727272727273,-0.1626497913020062
-0.6250000000000002,0.6666666666666666,0.5,0.0,0.0,-2.0,0.5,0.36363636363636365,0.0436246128988824
1.0000000000000007,-0.8333333333333334,0.0,-1.3333333333333333,1.0,-2.0,0.5,-0.36363636363636365,0.9473542480140034
0.5,-0.5,0.0,-1.0,1.0,-2.0,0.0,-0.36363636363636365,0.40339302544769085
-0.18750000000000025,0.16666666666666666,-1.0,0.0,0.0,1.0,0.0,0.36363636363636365,-0.3215295543288004
-0.5,0.5,0.0,0.0,0.0,-1.0,0.0,-0.7272727272727273,-0.273057762218931
-0.6250000000000002,0.6666666666666666,0.5,0.0,0.0,0.0,-0.4999999999999999,0.0,-0.1685741214487681
0.0,0.0,-1.5,0.0,0.0,1.0,-0.4999999999999999,-0.36363636363636365,-0.42008886495220155
-0.31250000000000044,0.3333333333333333,-0.5,0.0,0.0,-2.0,0.5,0.0,-0.21166015887976306
-0.7500000000000003,0.8333333333333334,1.0,0.0,0.0,1.0,-0.4999999999999999,-0.36363636363636365,-0.2805978187693552
0.5,-0.5,0.0,-1.0,1.0,-1.0,0.5,0.7272727272727273,0.6058974013733676
1.0000000000000007,-0.8333333333333334,0.0,-1.3333333333333333,1.0,-1.0,-0.4999999999999999,0.36363636363636365,0.5278039585296891
-0.5,0.5,0.0,0.0,0.0,1.0,-0.4999999999999999,0.7272727272727273,-0.3721556483102196
1.0000000000000007,-0.8333333333333334,0.0,-1.3333333333333333,1.0,-1.0,0.0,-0.7272727272727273,0.8202504375925677
0.31250000000000044,-0.3333333333333333,0.5,-1.0,1.0,-2.0,0.0,0.0,1.1196983977379833
0.0,0.0,-1.5,0.0,0.0,0.0,-0.4999999999999999,-0.36363636363636365,-0.4270903460347382
-0.5,0.5,0.0,0.0,0.0,1.0,-0.4999999999999999,0.0,-0.3576141106772588
0.7500000000000003,-0.6666666666666666,-0.5,-1.0,1.0,0.0,-0.4999999999999999,0.36363636363636365,0.4351689780530497
1.0000000000000007,-0.8333333333333334,0.0,-1.3333333333333333,1.0,0.0,0.0,0.36363636363636365,0.7443112966204392
1.0000000000000007,-0.8333333333333334,0.0,-1.3333333333333333,1.0,0.0,-0.4999999999999999,0.7272727272727273,0.5267268075939143
-0.18750000000000025,0.16666666666666666,-1.0,0.0,0.0,1.0,0.0,0.0,-0.32637673353978736
0.7500000000000003,-0.6666666666666666,-0.5,-1.0,1.0,1.0,0.5,0.36363636363636365,0.7809344284367848
-0.31250000000000044,0.3333333333333333,-0.5,0.0,0.0,-1.0,-0.4999999999999999,-0.36363636363636365,-0.3656927426955703
0.31250000000000044,-0.3333333333333333,0.5,-1.0,1.0,0.0,0.0,0.0,1.1611687087653162
-0.31250000000000044,0.3333333333333333,-0.5,0.0,0.0,-1.0,0.5,-0.36363636363636365,-0.19065571563215294
0.0,0.0,-1.5,0.0,0.0,-1.0,0.5,-0.36363636363636365,-0.20465867779722643
0.0,0.0,-1.5,0.0,0.0,-1.0,0.5,0.36363636363636365,-0.20304295139356404
0.0,0.0,-1.5,0.0,0.0,1.0,-0.4999999999999999,0.36363636363636365,-0.4367847044567121
0.7500000000000003,-0.6666666666666666,-0.5,-1.0,1.0,0.0,0.5,0.7272727272727273,0.6931466271711326
0.5,-0.5,0.0,-1.0,1.0,-2.0,0.5,-0.36363636363636365,0.5762757506395585
-0.18750000000000025,0.16666666666666666,-1.0,0.0,0.0,0.0,0.5,0.36363636363636365,-0.20358152686145148
0.12500000000000017,-0.16666666666666666,2.0,-1.3333333333333333,1.0,-2.0,0.5,-0.36363636363636365,1.2134105291503976
1.5000000000000007,-1.1666666666666667,-0.5,-1.5,1.0,0.0,0.0,0.0,0.5342668641443384
0.0,0.0,-1.5,0.0,0.0,-2.0,0.5,0.7272727272727273,-0.20681297966877613
-0.18750000000000025,0.16666666666666666,-1.0,0.0,0.0,-1.0,0.0,0.7272727272727273,-0.32637673353978736
0.0,0.0,-1.5,0.0,0.0,1.0,-0.4999999999999999,0.7272727272727273,-0.4233203177595261
0.7500000000000003,-0.6666666666666666,-0.5,-1.0,1.0,0.0,0.5,0.0,0.7432341456846641
0.7500000000000003,-0.6666666666666666,-0.5,-1.0,1.0,-1.0,0.0,0.36363636363636365,0.5477312508415244
0.31250000000000044,-0.3333333333333333,0.5,-1.0,1.0,-2.0,0.0,0.7272727272727273,1.1654773125084155
0.31250000000000044,-0.3333333333333333,0.5,-1.0,1.0,-2.0,-0.4999999999999999,-0.36363636363636365,0.9371213141241418
-0.6250000000000002,0.6666666666666666,0.5,0.0,0.0,-2.0,-0.4999999999999999,0.36363636363636365,-0.15349400834791976
-0.7500000000000003,0.8333333333333334,1.0,0.0,0.0,0.0,0.5,0.0,-0.0915578295408644
-0.5,0.5,0.0,0.0,0.0,-1.0,0.0,-0.36363636363636365,-0.28652214891611694
-0.6250000000000002,0.6666666666666666,0.5,0.0,0.0,-1.0,-0.4999999999999999,0.36363636363636365,-0.16480409317355602
-0.31250000000000044,0.3333333333333333,-0.5,0.0,0.0,0.0,0.5,-0.36363636363636365,-0.21112158341187565
-0.18750000000000025,0.16666666666666666,-1.0,0.0,0.0,-1.0,0.0,-0.7272727272727273,-0.30160226201696516
0.0,0.0,-1.5,0.0,0.0,0.0,0.0,0.0,-0.3376868183654235
0.31250000000000044,-0.3333333333333333,0.5,-1.0,1.0,-2.0,0.5,0.36363636363636365,1.3205870472599979
0.12500000000000017,-0.16666666666666666,2.0,-1.3333333333333333,1.0,0.0,0.0,-0.36363636363636365,1.0022889457385218
0.31250000000000044,-0.3333333333333333,0.5,-1.0,1.0,0.0,-0.4999999999999999,0.7272727272727273,0.9974417665275351
-0.6250000000000002,0.6666666666666666,0.5,0.0,0.0,0.0,-0.4999999999999999,0.7272727272727273,-0.1685741214487681
-0.6250000000000002,0.6666666666666666,0.5,0.0,0.0,-2.0,0.0,-0.36363636363636365,-0.05978187693550557
1.5000000000000007,-1.1666666666666667,-0.5,-1.5,1.0,-2.0,0.0,0.0,0.5611956375387104
-0.31250000000000044,0.3333333333333333,-0.5,0.0,0.0,-2.0,-0.4999999999999999,0.36363636363636365,-0.38077285579641856
0.7500000000000003,-0.6666666666666666,-0.5,-1.0,1.0,-1.0,0.5,0.7272727272727273,0.7303083344553657
1.0000000000000007,-0.8333333333333334,0.0,-1.3333333333333333,1.0,0.0,0.5,0.0,0.9048067860508955
-0.6250000000000002,0.6666666666666666,0.5,0.0,0.0,-2.0,0.0,0.36363636363636365,-0.06786050895381726
0.7500000000000003,-0.6666666666666666,-0.5,-1.0,1.0,1.0,0.0,-0.36363636363636365,0.5466540999057493
0.0,0.0,-1.5,0.0,0.0,-1.0,0.0,0.7272727272727273,-0.3543826578699341
-0.5,0.5,0.0,0.0,0.0,-2.0,0.5,0.7272727272727273,-0.177191328934967
-0.5,0.5,0.0,0.0,0.0,0.0,0.5,0.36363636363636365,-0.17018984785243038
0.12500000000000017,-0.16666666666666666,2.0,-1.3333333333333333,1.0,-1.0,0.5,0.36363636363636365,1.1929446613706747
-0.31250000000000044,0.3333333333333333,-0.5,0.0,0.0,0.0,0.5,0.0,-0.21112158341187565
0.0,0.0,-1.5,0.0,0.0,1.0,0.5,0.0,-0.24074323414568477
-0.18750000000000025,0.16666666666666666,-1.0,0.0,0.0,-2.0,0.5,-0.7272727272727273,-0.20142722498990176
1.5000000000000007,-1.1666666666666667,-0.5,-1.5,1.0,-1.0,0.5,-0.36363636363636365,0.7787801265652352
-0.5,0.5,0.0,0.0,0.0,-1.0,-0.4999999999999999,-0.7272727272727273,-0.35330550693415924
1.5000000000000007,-1.1666666666666667,-0.5,-1.5,1.0,0.0,-0.4999999999999999,0.7272727272727273,0.31129662043893913
0.5,-0.5,0.0,-1.0,1.0,1.0,-0.4999999999999999,0.0,0.30267941295274015
-0.7500000000000003,0.8333333333333334,1.0,0.0,0.0,-2.0,0.0,0.7272727272727273,-0.2461289888245591
-0.31250000000000044,0.3333333333333333,-0.5,0.0,0.0,1.0,-0.8333333333333333,-1.0909090909090908,-0.616130335263229
0.5,-0.5,0.0,-1.0,1.0,-2.0,0.5,-0.7272727272727273,0.5908172882725192
0.0,0.0,-1.5,0.0,0.0,0.0,-0.4999999999999999,0.0,-0.4254746196310759
-0.5,0.5,0.0,0.0,0.0,-2.0,0.5,0.0,-0.1664198195772183
-0.18750000000000025,0.16666666666666666,-1.0,0.0,0.0,-2.0,0.5,0.0,-0.225124545576949
1.5000000000000007,-1.1666666666666667,-0.5,-1.5,1.0,0.0,0.5,0.7272727272727273,0.7518513531708633
-0.7500000000000003,0.8333333333333334,1.0,0.0,0.0,1.0,-0.4999999999999999,-0.7272727272727273,-0.28167496970513
-0.31250000000000044,0.3333333333333333,-0.5,0.0,0.0,1.0,0.5,-0.7272727272727273,-0.20627440420088872
1.5000000000000007,-1.1666666666666667,-0.5,-1.5,1.0,-2.0,-0.4999999999999999,0.7272727272727273,0.32853103541133716
-0.7500000000000003,0.8333333333333334,1.0,0.0,0.0,0.0,0.5,-0.7272727272727273,-0.05978187693550557
-0.18750000000000025,0.16666666666666666,-1.0,0.0,0.0,-2.0,0.0,0.36363636363636365,-0.31722095058570093
0.0,0.0,-1.5,0.0,0.0,-1.0,0.5,-0.7272727272727273,-0.19604147031102742
1.0000000000000007,-0.8333333333333334,0.0,-1.3333333333333333,1.0,-2.0,0.5,0.36363636363636365,0.980207351555137
0.5,-0.5,0.0,-1.0,1.0,0.0,-0.4999999999999999,0.36363636363636365,0.2875992998518918
0.7500000000000003,-0.6666666666666666,-0.5,-1.0,1.0,-2.0,0.0,0.0,0.5466540999057493
0.5,-0.5,0.0,-1.0,1.0,-1.0,0.0,0.0,0.3893900632826176
-0.18750000000000025,0.16666666666666666,-1.0,0.0,0.0,-1.0,0.5,0.0,-0.2272788474484988
0.0,0.0,-1.5,0.0,0.0,-1.0,-0.4999999999999999,0.36363636363636365,-0.43624612898882464
1.0000000000000007,-0.8333333333333334,0.0,-1.3333333333333333,1.0,-2.0,-0.8333333333333333,-1.0909090909090908,0.13949104618284638
0.31250000000000044,-0.3333333333333333,0.5,-1.0,1.0,0.0,0.5,0.0,1.3055069341591494
0.5,-0.5,0.0,-1.0,1.0,1.0,0.5,0.36363636363636365,0.6069745523091424
-0.5,0.5,0.0,0.0,0.0,-2.0,0.5,-0.36363636363636365,-0.1567254611552444
0.31250000000000044,-0.3333333333333333,0.5,-1.0,1.0,0.0,0.5,-0.7272727272727273,1.306045509627037
1.5000000000000007,-1.1666666666666667,-0.5,-1.5,1.0,0.0,-0.4999999999999999,-0.36363636363636365,0.3166823751178134
-0.7500000000000003,0.8333333333333334,1.0,0.0,0.0,-1.0,0.5,-0.7272727272727273,-0.058166150531843194
0.12500000000000017,-0.16666666666666666,2.0,-1.3333333333333333,1.0,0.0,0.0,0.0,0.9365827386562545
0.12500000000000017,-0.16666666666666666,2.0,-1.3333333333333333,1.0,0.0,0.0,0.7272727272727273,0.959202908307527
-0.7500000000000003,0.8333333333333334,1.0,0.0,0.0,1.0,-0.8333333333333333,-1.0909090909090908,-0.525111081190252
-0.31250000000000044,0.3333333333333333,-0.5,0.0,0.0,-2.0,-0.8333333333333333,-1.0909090909090908,-0.6139760333916792
0.7500000000000003,-0.6666666666666666,-0.5,-1.0,1.0,-2.0,-0.4999999999999999,0.36363636363636365,0.4410933081998117
-0.5,0.5,0.0,0.0,0.0,0.0,-0.4999999999999999,-0.36363636363636365,-0.372694223778107
0.0,0.0,-1.5,0.0,0.0,1.0,-0.8333333333333333,-1.0909090909090908,-0.6576006462905617
1.0000000000000007,-0.8333333333333334,0.0,-1.3333333333333333,1.0,0.0,0.5,0.36363636363636365,0.9236569274269558
-0.5,0.5,0.0,0.0,0.0,0.0,-0.4999999999999999,0.36363636363636365,-0.372694223778107
0.7500000000000003,-0.6666666666666666,-0.5,-1.0,1.0,-1.0,0.0,0.7272727272727273,0.5838158071899826
-0.6250000000000002,0.6666666666666666,0.5,0.0,0.0,0.0,0.0,-0.36363636363636365,-0.06624478255015488
1.5000000000000007,-1.1666666666666667,-0.5,-1.5,1.0,-2.0,0.0,-0.7272727272727273,0.5331897132085635
-0.31250000000000044,0.3333333333333333,-0.5,0.0,0.0,0.0,0.0,0.0,-0.31991382792513806
1.0000000000000007,-0.8333333333333334,0.0,-1.3333333333333333,1.0,1.0,0.0,0.0,0.7561599569139628
0.31250000000000044,-0.3333333333333333,0.5,-1.0,1.0,-2.0,0.5,-0.36363636363636365,1.2597280193887173
0.31250000000000044,-0.3333333333333333,0.5,-1.0,1.0,0.0,0.0,0.7272727272727273,1.1180826713343208
-0.6250000000000002,0.6666666666666666,0.5,0.0,0.0,0.0,-0.4999999999999999,-0.36363636363636365,-0.1567254611552444
0.5,-0.5,0.0,-1.0,1.0,0.0,-0.4999999999999999,-0.7272727272727273,0.28490642251245457
-0.5,0.5,0.0,0.0,0.0,1.0,0.0,0.36363636363636365,-0.2870607243840044
0.12500000000000017,-0.16666666666666666,2.0,-1.3333333333333333,1.0,1.0,0.5,0.0,1.1541672276827792
-0.31250000000000044,0.3333333333333333,-0.5,0.0,0.0,-2.0,-0.4999999999999999,-0.36363636363636365,-0.3662313181634578
0.0,0.0,-1.5,0.0,0.0,1.0,0.5,0.7272727272727273,-0.20789013060455097
-0.6250000000000002,0.6666666666666666,0.5,0.0,0.0,-2.0,0.0,0.7272727272727273,-0.08186347111889053
0.31250000000000044,-0.3333333333333333,0.5,-1.0,1.0,-2.0,-0.4999999999999999,-0.7272727272727273,0.932274134913155
0.5,-0.5,0.0,-1.0,1.0,0.0,-0.8333333333333333,-1.0909090909090908,-0.07001481082536697
0.5,-0.5,0.0,-1.0,1.0,-2.0,-0.4999999999999999,0.0,0.2520533189713209
-0.6250000000000002,0.6666666666666666,0.5,0.0,0.0,-2.0,-0.8333333333333333,-1.0909090909090908,-0.398545846236704
0.5,-0.5,0.0,-1.0,1.0,-2.0,0.0,0.7272727272727273,0.40123872357614115
-0.6250000000000002,0.6666666666666666,0.5,0.0,0.0,1.0,0.0,-0.36363636363636365,-0.061397603339167946
-0.6250000000000002,0.6666666666666666,0.5,0.0,0.0,1.0,-0.4999999999999999,0.0,-0.15564831021946957
0.0,0.0,-1.5,0.0,0.0,-2.0,-0.4999999999999999,0.36363636363636365,-0.4400161572640367
1.0000000000000007,-0.8333333333333334,0.0,-1.3333333333333333,1.0,-2.0,-0.4999999999999999,-0.7272727272727273,0.5805843543826581
1.5000000000000007,-1.1666666666666667,-0.5,-1.5,1.0,-1.0,0.0,-0.36363636363636365,0.5558098828598359
1.0000000000000007,-0.8333333333333334,0.0,-1.3333333333333333,1.0,1.0,0.0,-0.7272727272727273,0.740541268345227
0.7500000000000003,-0.6666666666666666,-0.5,-1.0,1.0,1.0,-0.4999999999999999,0.7272727272727273,0.441631883667699
-0.18750000000000025,0.16666666666666666,-1.0,0.0,0.0,-1.0,0.0,0.36363636363636365,-0.3102194695031642
0.12500000000000017,-0.16666666666666666,2.0,-1.3333333333333333,1.0,1.0,0.0,0.36363636363636365,0.9699744176652755
-0.7500000000000003,0.8333333333333334,1.0,0.0,0.0,-1.0,0.5,0.7272727272727273,-0.09748215968762618
-0.18750000000000025,0.16666666666666666,-1.0,0.0,0.0,-1.0,-0.4999999999999999,0.7272727272727273,-0.40662447825501563
0.7500000000000003,-0.6666666666666666,-0.5,-1.0,1.0,-1.0,-0.4999999999999999,0.36363636363636365,0.3834657331358558
0.31250000000000044,-0.3333333333333333,0.5,-1.0,1.0,-1.0,-0.4999999999999999,0.0,0.9279655311700553
0.0,0.0,-1.5,0.0,0.0,1.0,0.5,-0.7272727272727273,-0.19927292311835196
0.31250000000000044,-0.3333333333333333,0.5,-1.0,1.0,-1.0,0.0,0.0,1.0825366904537501
-0.7500000000000003,0.8333333333333334,1.0,0.0,0.0,-2.0,0.0,0.36363636363636365,-0.21112158341187565
0.7500000000000003,-0.6666666666666666,-0.5,-1.0,1.0,-1.0,-0.4999999999999999,-0.36363636363636365,0.472330685337283
-0.5,0.5,0.0,0.0,0.0,-1.0,0.5,-0.7272727272727273,-0.1626497913020062
1.0000000000000007,-0.8333333333333334,0.0,-1.3333333333333333,1.0,-1.0,0.0,0.0,0.7620842870607245
1.5000000000000007,-1.1666666666666667,-0.5,-1.5,1.0,-1.0,-0.8333333333333333,-1.0909090909090908,-0.1454153763296082
-0.7500000000000003,0.8333333333333334,1.0,0.0,0.0,-1.0,0.5,0.36363636363636365,-0.07270768816480419
-0.31250000000000044,0.3333333333333333,-0.5,0.0,0.0,-1.0,0.5,-0.7272727272727273,-0.1911942911000405
-0.31250000000000044,0.3333333333333333,-0.5,0.0,0.0,-2.0,-0.4999999999999999,-0.7272727272727273,-0.3845428840716307
0.5,-0.5,0.0,-1.0,1.0,-1.0,-0.4999999999999999,0.36363636363636365,0.24505183788878426
-0.31250000000000044,0.3333333333333333,-0.5,0.0,0.0,0.0,-0.8333333333333333,-1.0909090909090908,-0.6182846371347787
-0.18750000000000025,0.16666666666666666,-1.0,0.0,0.0,-2.0,0.0,0.7272727272727273,-0.32206812979668786
-0.6250000000000002,0.6666666666666666,0.5,0.0,0.0,1.0,0.0,0.0,-0.0748619900363539
0.12500000000000017,-0.16666666666666666,2.0,-1.3333333333333333,1.0,0.0,0.0,0.36363636363636365,0.9995960683990848
-0.18750000000000025,0.16666666666666666,-1.0,0.0,0.0,0.0,0.0,-0.36363636363636365,-0.3258381580718999
-0.6250000000000002,0.6666666666666666,0.5,0.0,0.0,1.0,-0.4999999999999999,-0.7272727272727273,-0.16372694223778106
1.5000000000000007,-1.1666666666666667,-0.5,-1.5,1.0,1.0,0.0,-0.36363636363636365,0.5574256092634983
-0.5,0.5,0.0,0.0,0.0,-2.0,0.5,-0.7272727272727273,-0.1626497913020062
0.7500000000000003,-0.6666666666666666,-0.5,-1.0,1.0,-1.0,0.0,-0.36363636363636365,0.6258246936852029
1.5000000000000007,-1.1666666666666667,-0.5,-1.5,1.0,-1.0,-0.4999999999999999,0.7272727272727273,0.3274538844755621
0.5,-0.5,0.0,-1.0,1.0,-1.0,-0.8333333333333333,-1.0909090909090908,-0.04524033930254477
0.0,0.0,-1.5,0.0,0.0,1.0,0.0,-0.7272727272727273,-0.312373771374714
0.0,0.0,-1.5,0.0,0.0,-2.0,0.5,-0.36363636363636365,-0.1998114985862395
1.5000000000000007,-1.1666666666666667,-0.5,-1.5,1.0,1.0,0.0,0.0,0.5590413356671604
-0.31250000000000044,0.3333333333333333,-0.5,0.0,0.0,-1.0,-0.4999999999999999,0.7272727272727273,-0.3829271576679683
0.12500000000000017,-0.16666666666666666,2.0,-1.3333333333333333,1.0,0.0,-0.4999999999999999,0.0,0.7583142587855124
-0.6250000000000002,0.6666666666666666,0.5,0.0,0.0,-1.0,0.5,0.7272727272727273,-0.0032314528073245584
0.12500000000000017,-0.16666666666666666,2.0,-1.3333333333333333,1.0,0.0,0.5,0.0,1.1116197657196718
1.0000000000000007,-0.8333333333333334,0.0,-1.3333333333333333,1.0,-2.0,0.0,0.7272727272727273,0.8014002962165077
-0.18750000000000025,0.16666666666666666,-1.0,0.0,0.0,0.0,0.5,0.7272727272727273,-0.2956779318702034
0.0,0.0,-1.5,0.0,0.0,-2.0,0.0,0.7272727272727273,-0.33014676181499947
1.5000000000000007,-1.1666666666666667,-0.5,-1.5,1.0,1.0,-0.4999999999999999,0.7272727272727273,0.32368385620035023
-0.5,0.5,0.0,0.0,0.0,0.0,0.5,-0.7272727272727273,-0.1626497913020062
-0.31250000000000044,0.3333333333333333,-0.5,0.0,0.0,0.0,0.5,-0.7272727272727273,-0.20627440420088872
0.5,-0.5,0.0,-1.0,1.0,0.0,0.5,0.36363636363636365,0.559579911135048
-0.7500000000000003,0.8333333333333334,1.0,0.0,0.0,-1.0,-0.4999999999999999,0.0,-0.30267941295274003
0.0,0.0,-1.5,0.0,0.0,1.0,0.5,0.36363636363636365,-0.20519725326511384
-0.6250000000000002,0.6666666666666666,0.5,0.0,0.0,1.0,0.0,0.36363636363636365,-0.08778780126565232
0.7500000000000003,-0.6666666666666666,-0.5,-1.0,1.0,-1.0,0.5,0.36363636363636365,0.7222297024370542
-0.18750000000000025,0.16666666666666666,-1.0,0.0,0.0,0.0,0.0,0.7272727272727273,-0.32314528073246274
0.7500000000000003,-0.6666666666666666,-0.5,-1.0,1.0,0.0,-0.4999999999999999,-0.7272727272727273,0.4373232799245996
-0.6250000000000002,0.6666666666666666,0.5,0.0,0.0,0.0,0.0,0.36363636363636365,-0.09101925407297706
-0.31250000000000044,0.3333333333333333,-0.5,0.0,0.0,-2.0,0.5,-0.7272727272727273,-0.20142722498990176
0.5,-0.5,0.0,-1.0,1.0,-2.0,-0.4999999999999999,0.7272727272727273,0.32960818634711203
0.12500000000000017,-0.16666666666666666,2.0,-1.3333333333333333,1.0,-1.0,-0.8333333333333333,-1.0909090909090908,0.3059108657600647
0.0,0.0,-1.5,0.0,0.0,-1.0,0.0,-0.7272727272727273,-0.30968089403527677
0.0,0.0,-1.5,0.0,0.0,1.0,0.0,0.36363636363636365,-0.3134509223104888
0.31250000000000044,-0.3333333333333333,0.5,-1.0,1.0,-2.0,-0.4999999999999999,0.0,0.9441227952066786
-0.5,0.5,0.0,0.0,0.0,-2.0,-0.4999999999999999,0.7272727272727273,-0.3700013464386698
-0.7500000000000003,0.8333333333333334,1.0,0.0,0.0,1.0,-0.4999999999999999,0.0,-0.29729365827386567
1.5000000000000007,-1.1666666666666667,-0.5,-1.5,1.0,-1.0,0.0,0.0,0.5552713073919484
-0.18750000000000025,0.16666666666666666,-1.0,0.0,0.0,-1.0,0.0,0.0,-0.3215295543288004
0.7500000000000003,-0.6666666666666666,-0.5,-1.0,1.0,1.0,0.0,0.7272727272727273,0.5999730712266058
1.0000000000000007,-0.8333333333333334,0.0,-1.3333333333333333,1.0,1.0,0.0,-0.36363636363636365,0.7222297024370542
0.12500000000000017,-0.16666666666666666,2.0,-1.3333333333333333,1.0,-2.0,0.0,-0.7272727272727273,1.0076747004173963
-0.5,0.5,0.0,0.0,0.0,-1.0,0.5,0.0,-0.16534266864144342
-0.31250000000000044,0.3333333333333333,-0.5,0.0,0.0,0.0,-0.4999999999999999,-0.36363636363636365,-0.3732327992459944
-0.5,0.5,0.0,0.0,0.0,1.0,0.5,0.0,-0.18042278174229168
1.5000000000000007,-1.1666666666666667,-0.5,-1.5,1.0,1.0,-0.4999999999999999,-0.36363636363636365,0.32314528073246274
-0.5,0.5,0.0,0.0,0.0,-2.0,0.0,-0.36363636363636365,-0.28005924330146764
-0.5,0.5,0.0,0.0,0.0,1.0,-0.4999999999999999,-0.7272727272727273,-0.35330550693415924
0.0,0.0,-1.5,0.0,0.0,0.0,0.0,0.36363636363636365,-0.3269153090076748
-0.6250000000000002,0.6666666666666666,0.5,0.0,0.0,0.0,0.0,-0.7272727272727273,-0.03931600915578299
0.12500000000000017,-0.16666666666666666,2.0,-1.3333333333333333,1.0,0.0,-0.4999999999999999,0.36363636363636365,0.799245994344958
-0.31250000000000044,0.3333333333333333,-0.5,0.0,0.0,0.0,0.0,0.36363636363636365,-0.30052511108119034
0.0,0.0,-1.5,0.0,0.0,-1.0,-0.4999999999999999,-0.36363636363636365,-0.41955028948431405
-0.5,0.5,0.0,0.0,0.0,0.0,0.5,-0.36363636363636365,-0.17018984785243038
0.12500000000000017,-0.16666666666666666,2.0,-1.3333333333333333,1.0,-2.0,-0.8333333333333333,-1.0909090909090908,0.35115120506260944
-0.18750000000000025,0.16666666666666666,-1.0,0.0,0.0,-2.0,0.5,0.36363636363636365,-0.19658004577891483
0.12500000000000017,-0.16666666666666666,2.0,-1.3333333333333333,1.0,1.0,-0.4999999999999999,-0.7272727272727273,0.7518513531708633
0.7500000000000003,-0.6666666666666666,-0.5,-1.0,1.0,0.0,-0.4999999999999999,-0.36363636363636365,0.4351689780530497
-0.18750000000000025,0.16666666666666666,-1.0,0.0,0.0,0.0,-0.4999999999999999,0.7272727272727273,-0.4082402046586779
1.5000000000000007,-1.1666666666666667,-0.5,-1.5,1.0,1.0,0.0,0.36363636363636365,0.5585027601992731
1.0000000000000007,-0.8333333333333334,0.0,-1.3333333333333333,1.0,0.0,-0.4999999999999999,-0.36363636363636365,0.5698128450249091
