instant,season,yr,mnth,holiday,weekday,workingday,weathersit,temp,atemp,hum,windspeed,casual,registered
0.839421088904204,1.5,0.0,1.0,0.0,-0.25,0.0,1.0,-0.5436388841365042,-0.6846161602517393,0.13438106179024065,1.628698354725993,-0.5018656716417911,0.023902439024390244
-0.35148173673328736,0.5,-1.0,0.6,0.0,0.25,0.0,2.0,0.38559712959513404,0.19866330050245137,1.4368914668826152,0.13068878760438182,-0.7182835820895522,-0.9897560975609756
-0.11440385940730531,1.5,-1.0,1.2,0.0,0.75,-1.0,0.0,-0.6848758508323247,-0.7326391729433452,-0.10102826795231537,-0.8422247696641475,-0.030472636815920398,-0.3951219512195122
-0.3239145416953825,0.5,-1.0,0.6,0.0,-0.75,-1.0,0.0,-0.01865475354843264,-0.04799257262334405,0.2854338123128492,-0.012441773253699209,0.7742537313432836,-0.38878048780487806
0.456237077877326,0.5,0.0,0.0,0.0,0.0,0.0,0.0,0.5889398593258579,0.5237289844622478,-1.291808696962278,0.923621057701232,0.43097014925373134,1.2390243902439024
-0.6657477601654032,-0.5,-1.0,-0.2,0.0,-0.25,0.0,1.0,0.15456407484926069,0.13461739687951269,0.958313715889188,0.979599003654771,-0.06529850746268656,-0.13317073170731708
-0.4479669193659545,0.5,-1.0,0.4,0.0,0.25,0.0,1.0,0.628913189120219,0.6150339692136761,0.5796954744910446,0.17485708265501423,0.08519900497512438,0.02878048780487805
-1.0241212956581667,-1.5,-1.0,-1.0,0.0,0.5,0.0,1.0,-1.0131208457717014,-1.11985586627678,-0.6388020490028062,-0.11034046812171876,-0.724502487562189,-1.1492682926829267
-0.15024121295658166,1.5,-1.0,1.0,0.0,-0.75,-1.0,1.0,-0.15989491811063664,-0.17538045329066634,0.2363886325542855,0.062479775847407784,0.07027363184079602,-0.48048780487804876
0.05651274982770503,-1.5,0.0,-0.8,0.0,0.5,0.0,0.0,-0.6395748756429712,-0.7374258736775215,-0.5071093617582253,-0.01231133530829767,-0.5230099502487562,0.06
0.450723638869745,0.5,0.0,0.0,0.0,-0.5,0.0,0.0,0.64756634373546,0.5741453475209418,-0.6130435601423755,1.2106648070898045,0.5080845771144279,0.937560975609756
-0.23845623707787733,1.5,-1.0,0.8,0.0,0.0,0.0,2.0,0.0908369935578981,0.04070598128316297,1.2280928077741575,0.6383031026672054,-0.5926616915422885,-0.7551219512195122
-0.6409372846312887,-0.5,-1.0,-0.2,0.0,0.25,0.0,0.0,0.6235823458588431,0.5766033830330867,0.20304054690295467,0.19986103341970662,0.034203980099502485,0.09804878048780488
0.2880771881461061,-0.5,0.0,-0.4,0.0,0.5,0.0,0.0,-0.17854807272587728,-0.19220239601387293,-1.099559313734722,1.6847565701843947,0.35261194029850745,0.7321951219512195
-0.6767746381805652,-0.5,-1.0,-0.2,0.0,0.5,0.0,1.0,-0.0026654216306881413,-0.03367432551467484,1.0779769863839241,2.0067376215664097e-05,-0.04788557213930348,-0.14878048780487804
-0.18332184700206755,1.5,-1.0,1.0,0.0,-0.25,0.0,0.0,-0.3357775692058259,-0.3458904956594364,0.4109870242377442,-1.1105837850583336,-0.44092039800995025,0.054146341463414634
0.8835286009648519,1.5,0.0,1.0,0.0,0.25,0.0,0.0,-0.7433872120521189,-0.7789917868890819,-0.37064257330646516,-0.644172810210281,-0.6063432835820896,0.6643902439024391
-0.9276361130254996,-1.5,-1.0,-0.8,0.0,0.5,0.0,0.0,-1.0368841908678532,-1.102086476428923,-0.6026996741934875,-0.7141276836980163,-0.7232587064676617,-1.0346341463414634
-0.7429359062715368,-0.5,-1.0,-0.4,0.0,-0.25,0.0,1.0,-0.02398559680980857,-0.05285917853670771,0.14811013390082667,-0.21825278372134438,-0.39987562189054726,-0.4502439024390244
0.1695382494831151,-1.5,0.0,-0.6,0.0,0.25,0.0,0.0,0.14123856562901235,0.11291362820881128,-0.25797095990508323,-0.29940525313740896,0.3414179104477612,0.7165853658536585
-0.8862853204686423,-1.5,-1.0,-0.8,0.0,0.75,-1.0,0.0,-0.7381746898469344,-0.8407470753753163,-0.45414226256615015,0.06871069616236508,-0.3812189054726368,-1.06
-0.12267401791867677,1.5,-1.0,1.0,0.0,0.0,0.0,0.0,-0.6022653685461061,-0.7302914826786496,-0.09906966232885743,0.917430272138706,-0.6747512437810945,-0.14292682926829267
-0.4672639558924879,0.5,-1.0,0.2,0.0,0.25,0.0,0.0,0.8501000132711458,0.9008357701242145,-0.24031526017439134,-0.012481908006130537,-0.15485074626865672,0.03219512195121951
0.6078566505858028,0.5,0.0,0.4,0.0,-0.25,0.0,0.0,0.4343773834097892,0.37241521014110884,0.1853848471722628,-1.0731250172454017,0.43594527363184077,1.0765853658536586
0.596829772570641,0.5,0.0,0.4,0.0,0.5,0.0,0.0,0.6715503416120766,-0.9921559749097736,-0.29916759261003023,0.5180493506949585,0.9359452736318408,0.9497560975609756
-0.974500344589938,-1.5,-1.0,-1.0,0.0,-0.25,0.0,1.0,-0.9269191595367572,-1.0221166120965024,-0.08200719410911714,-0.5009519461592297,-0.6772388059701493,-0.9360975609756098
0.07580978635423846,-1.5,0.0,-0.8,0.0,0.5,0.0,1.0,-0.7435055331083102,-0.7974993483922886,-0.444335109889075,-0.6300554110425755,-0.6262437810945274,-0.055609756097560976
0.15299793246037216,-1.5,0.0,-0.6,0.0,0.5,0.0,1.0,-0.3277829032469537,-0.4035858400412461,-1.0701331475169025,2.3586892993224757,-0.35261194029850745,0.19707317073170733
0.23845623707787733,-0.5,0.0,-0.4,0.0,-0.5,0.0,0.0,-0.07728123795803435,-0.10087838621978101,-1.4919066272434507,1.7907424176673186,0.21703980099502487,0.4692682926829268
0.1474844934527912,-1.5,0.0,-0.6,0.0,0.0,0.0,0.0,-0.34909988055969066,-0.44918125728896935,-0.56988832181397,1.6661541124324926,-0.3712686567164179,0.37365853658536585
0.44245348035837356,0.5,0.0,0.0,0.0,0.5,0.0,0.0,0.8447691700097696,0.8407965404862421,-0.28543381231284976,0.03129507320829697,0.2904228855721393,0.5565853658536586
-0.7374224672639559,-0.5,-1.0,-0.4,0.0,0.25,0.0,0.0,-0.17321722946450133,-0.18742711030529471,-1.0701331475169025,1.4602527987718767,0.018034825870646767,-0.13365853658536586
-0.8146106133700896,-0.5,-1.0,-0.6,0.0,0.25,0.0,1.0,-0.7301800238880621,-0.883968167298615,0.8072562571799844,0.6427981949395096,-0.7021144278606966,-0.9848780487804878
-0.9000689179875948,-1.5,-1.0,-0.8,1.0,-0.5,-1.0,1.0,-0.67155353947846,-0.8335822443081826,-0.13830298122375204,1.28554622143848,-0.6660447761194029,-1.3687804878048782
0.3983459682977257,-0.5,0.0,0.0,0.0,0.0,0.0,0.0,0.13058007697264376,0.14893564398818165,-0.10887681500593259,-1.029436332486323,0.3687810945273632,1.1268292682926828
0.5720192970365265,0.5,0.0,0.4,0.0,0.0,0.0,1.0,0.756827844462175,0.7783791805153124,0.18146292773875194,-0.6925552542661988,0.6623134328358209,1.2453658536585366
0.8559614059269469,1.5,0.0,1.0,0.0,-0.5,0.0,1.0,-0.42371889475342067,-0.4852489331707326,-0.05198779638034612,0.5553044346393016,-0.35012437810945274,0.6497560975609756
0.7484493452791179,1.5,0.0,0.8,0.0,0.25,0.0,0.0,-0.2505000663557275,-0.2738959292116211,-0.8052976515565266,0.018793097825950768,0.1287313432835821,1.4721951219512195
0.715368711233632,1.5,0.0,0.6,0.0,0.75,-1.0,0.0,0.09327056987577885,0.10329076162953295,-0.4306013295918945,0.48042302029062595,2.3115671641791047,1.0965853658536586
0.4066161268090972,-0.5,0.0,0.0,0.0,0.75,-1.0,0.0,0.6315770118177155,0.5525519240976898,-0.9288875496713686,-0.35555377178878084,2.459577114427861,0.5229268292682927
-0.028945554789800137,-1.5,0.0,-1.0,0.0,-0.25,0.0,0.0,-1.161891985667163,-1.4340125907732344,-0.909268536130624,1.8657442362732881,-0.7978855721393034,-0.7663414634146342
0.8587181254307374,1.5,0.0,1.0,0.0,-0.25,0.0,1.0,-0.44503587206615747,-0.4660488601145688,0.23835194636433843,-0.9732476790825196,-0.24440298507462688,0.6741463414634147
-0.9910406616126809,-1.5,-1.0,-1.0,0.0,0.0,0.0,1.0,-0.7072385304524823,-0.7789917868890819,0.5054897455695964,0.28690327775506275,-0.8115671641791045,-1.046829268292683
0.4231564438318401,-0.5,0.0,0.0,0.0,0.5,0.0,0.0,0.40239871957430023,0.36757904429600685,-0.2108890939565719,-0.031164635262895153,1.0354477611940298,1.1629268292682926
0.0923501033769814,-1.5,0.0,-0.8,0.0,0.25,0.0,1.0,-0.6289131891202192,-0.6582208160601798,0.5581178553268419,-0.8859545925444681,-0.8165422885572139,-0.38390243902439025
-0.23569951757408683,1.5,-1.0,0.8,0.0,0.25,0.0,0.0,-0.11992158831627538,-0.13935843751129595,0.008827849865345674,2.4336911179284453,-0.32276119402985076,0.002926829268292683
0.28532046864231564,-0.5,0.0,-0.4,0.0,0.25,0.0,1.0,-0.047969594686425136,-0.0744526019599599,0.5757735550575338,-0.031084365758032497,-0.3177860696517413,0.4063414634146341
-0.8118538938662991,-0.5,-1.0,-0.6,0.0,0.5,0.0,0.0,-0.7968011742565362,-0.9392206962024111,-0.6562035066573759,0.5117381608751386,-0.5354477611940298,-0.8819512195121951
-0.8725017229496899,-1.5,-1.0,-0.6,0.0,0.25,0.0,0.0,-1.0073295097510944,-1.1529822705627415,-1.48798470780994,0.4618606972911553,-0.7555970149253731,-1.0517073170731708
-0.47829083390764987,0.5,-1.0,0.2,0.0,-0.75,-1.0,0.0,1.0126571551460866,1.1098410838186303,-0.3933313245070528,-0.10587547691373796,0.39738805970149255,-0.5668292682926829
0.12818745692625774,-1.5,0.0,-0.8,0.0,0.0,0.0,1.0,-0.5403930497572021,-0.5885587198429291,0.8023126612553908,-0.006080414993340095,-0.8277363184079602,-0.9507317073170731
-0.9607167470709855,-1.5,-1.0,-1.0,0.0,-0.75,-1.0,0.0,-0.9491635181007234,-0.9620126973134736,0.41337407484133387,-1.0609661939963428,-0.7344527363184079,-1.3473170731707318
-0.4038594073053067,0.5,-1.0,0.4,0.0,0.75,-1.0,0.0,0.5889398593258579,0.554945274464778,0.18734816098231574,-0.7550952322422534,1.4720149253731343,-0.2151219512195122
-0.4534803583735355,0.5,-1.0,0.4,0.0,-0.25,0.0,0.0,0.8634223246250102,0.7759211450031677,-0.6738592063880675,0.2621501691930659,0.08768656716417911,0.15902439024390244
0.3018607856650586,-0.5,0.0,-0.2,0.0,0.0,0.0,0.0,0.16255874080813276,0.13220882647829357,0.766059624475037,-0.4180536150124043,-0.07898009950248756,0.8702439024390244
0.9221226740179187,1.5,0.0,1.2,0.0,0.25,0.0,0.0,-0.6955375373550767,-0.7951021930166676,-0.699363453172376,-0.05612845127515623,-0.37997512437810943,0.6775609756097561
-0.5389386629910407,0.5,-1.0,0.2,0.0,0.75,-1.0,0.0,0.71951833736531,0.6246225907161597,-0.893576150209985,-0.6487883067398792,1.8327114427860696,-0.39170731707317075
0.6850447966919366,0.5,0.0,0.6,0.0,-0.25,0.0,1.0,0.351763703257187,0.2355947133211446,1.1211369328989247,1.7846319016096546,-0.44713930348258707,-0.007804878048780488
-0.35699517574086836,0.5,-1.0,0.6,0.0,-0.25,0.0,2.0,0.08527590391690677,0.04585035281941621,1.1892031865006871,1.6477322610665313,-0.6548507462686567,-0.5912195121951219
0.3873190902825637,-0.5,0.0,0.0,0.0,0.75,-1.0,0.0,0.22384904791523097,0.24024062873961002,-0.40117516337407505,0.06862039296939487,2.567786069651741,0.7839024390243903
-0.042729152308752585,-1.5,-1.0,1.2,0.0,0.25,0.0,0.0,-0.8474361905736493,-0.9103787315243053,-0.2834704985027968,-0.6051417634708534,-0.5926616915422885,-0.755609756097561
0.7898001378359751,1.5,0.0,0.8,0.0,0.5,0.0,1.0,0.10392905853214741,0.07457816724154026,0.8131414904235482,-0.47415196522323705,0.5615671641791045,1.2409756097560976
0.4727773949000689,0.5,0.0,0.2,0.0,-0.25,0.0,0.0,0.8554276586661381,0.7590992022799611,-0.6699372869545567,-0.5366618421349683,0.39987562189054726,0.9219512195121952
0.7622329427980703,1.5,0.0,0.8,0.0,-0.25,0.0,0.0,-0.14390558619289212,-0.1609670809686791,-0.3580199250456696,0.025064152893339395,0.23818407960199006,1.4117073170731707
-0.46450723638869745,0.5,-1.0,0.2,0.0,0.5,0.0,0.0,1.0393049757201998,1.0761210982015625,-0.43256464340194745,-0.05603814808218602,-0.07524875621890548,-0.26439024390243904
0.19986216402481047,-0.5,0.0,-0.6,0.0,-0.5,0.0,0.0,-0.21585757982274237,-0.2450425495079173,-0.7366334582572177,2.077956739753724,0.08022388059701492,0.5097560975609756
0.08407994486560992,-1.5,0.0,-0.8,0.0,-0.5,0.0,0.0,-0.930046672859868,-1.0472791335234566,-1.0505141339761577,-0.12481908006130592,-0.7916666666666666,-0.1902439024390244
-0.5554789800137836,0.5,-1.0,0.0,0.0,-0.75,-1.0,0.0,0.5329771976137524,0.5116937424732175,-0.56988832181397,-0.854766879798925,1.4794776119402986,-0.1624390243902439
-0.2164024810475534,1.5,-1.0,0.8,0.0,0.25,0.0,1.0,-0.1385747429315162,-0.1754261133930592,0.8406090510179097,0.18100773346510915,-0.6100746268656716,-0.6336585365853659
0.3818056512749828,-0.5,0.0,-0.2,0.0,0.25,0.0,0.0,0.5329771976137524,0.4877221887170083,-0.6660106593344508,0.1560840522052794,0.4595771144278607,1.2292682926829268
0.4286698828394211,-0.5,0.0,0.0,0.0,-0.75,-1.0,0.0,0.25316388905322385,0.2618797122652548,-0.16772914744157147,-0.3493629862262546,2.3675373134328357,0.3053658536585366
-0.31288766368022053,0.5,-1.0,0.6,0.0,0.25,0.0,1.0,0.36775303517493146,0.19714890710642416,1.260419216934405,-0.5177182389874003,-0.21828358208955223,0.2546341463414634
-0.6629910406616126,-0.5,-1.0,-0.2,0.0,0.0,0.0,1.0,0.11725456775239577,0.09135064485382119,1.1093664664117966,0.21842335641917754,-0.24191542288557213,-0.19463414634146342
-0.4259131633356306,0.5,-1.0,0.4,0.0,0.5,0.0,0.0,0.6235823458588431,0.5741453475209418,-1.032858434245466,-0.5428425940093864,0.3986318407960199,0.06634146341463415
0.844934527911785,1.5,0.0,1.0,0.0,0.25,0.0,1.0,-0.6129238572024747,-0.6797952144407683,-0.06571686849093214,-0.2682606852507292,-0.5105721393034826,0.6863414634146342
0.8476912474155754,1.5,0.0,1.0,0.0,0.5,0.0,0.0,-0.5383080408751283,-0.5933758606453673,-0.5169212226218949,-0.08727301916183572,-0.30659203980099503,0.7297560975609756
-0.5913163335630599,-0.5,-1.0,0.0,0.0,-0.5,0.0,0.0,0.3890732103540519,0.37480856050819705,-0.6581668204674288,1.2605021359213564,0.16480099502487564,0.21414634146341463
0.04548587181254307,-1.5,0.0,-1.0,0.0,-0.5,0.0,0.0,-0.7808118423387918,-0.9151996773352763,-1.099559313734722,0.3619050963610324,-0.7518656716417911,-0.1073170731707317
0.7263955892487939,1.5,0.0,0.8,0.0,0.0,0.0,1.0,0.46102520398390195,0.3652161339971806,0.750367238554398,-1.1355847257165936,-0.003109452736318408,1.5248780487804878
0.31013094417643006,-0.5,0.0,-0.2,0.0,0.75,-1.0,1.0,0.34643605786219434,0.3099483850592536,0.5757735550575338,-0.2682105168101903,2.1958955223880596,0.32634146341463416
0.03445899379738112,-1.5,0.0,-1.0,0.0,0.25,0.0,1.0,-0.5489665295314967,-0.5597167551648234,0.6365844931166311,-1.0668539621780129,-0.6050995024875622,0.055121951219512196
-0.01791867677463818,-1.5,0.0,-1.0,0.0,0.75,-1.0,0.0,-0.3837455649590594,-0.42757261383158646,-0.4835684287839696,-0.04981726145533627,0.4222636815920398,-0.1302439024390244
-0.11991729841488628,1.5,-1.0,1.2,0.0,0.25,0.0,0.0,-0.6422386983404673,-0.7518544660336399,-0.5169212226218949,0.40571217863978315,-0.6822139303482587,-0.08439024390243903
0.2191592005513439,-0.5,0.0,-0.4,0.0,-0.5,0.0,0.0,-0.25397614711464517,-0.28779943039022265,-0.6121913783687074,1.32862084448536,0.5939054726368159,0.4926829268292683
-0.7539627842866988,-0.5,-1.0,-0.4,1.0,0.5,-1.0,0.0,-0.21319055925886257,-0.23300730751888704,0.17361438068513524,0.4680916176061126,-0.11007462686567164,-0.6019512195121951
-0.7263955892487939,-0.5,-1.0,-0.4,0.0,-0.5,0.0,0.0,0.2984680621089608,0.2714873588104022,0.6699372869545563,0.05628899028488154,0.05286069651741294,-0.20390243902439023
0.7677463818056512,1.5,0.0,0.8,0.0,0.25,0.0,1.0,0.029313242204800853,0.036052455847632274,0.44237179607902205,0.5740674314009289,0.3451492537313433,1.3575609756097562
-0.3818056512749828,0.5,-1.0,0.4,0.0,-0.75,-1.0,0.0,0.6195082640862017,0.5509994806163351,-0.3418614286521406,1.2535688574388513,0.8513681592039801,-0.3897560975609756
0.7649896623018608,1.5,0.0,0.8,0.0,0.0,0.0,0.0,-0.18387891598725337,-0.20182526259315126,0.27562665963577454,-0.7861595306240704,0.30907960199004975,1.3482926829268294
-0.23018607856650586,1.5,-1.0,0.8,0.0,0.75,-1.0,0.0,-0.29047339615008877,-0.29548935263487325,-0.024520235785984622,-0.8734957620209856,0.9558457711442786,-0.44341463414634147
-0.7870434183321847,-0.5,-1.0,-0.4,0.0,-0.75,-1.0,0.0,-0.4317135607122929,-0.47327837632675873,-0.7268263055801428,0.024983883388477016,1.1449004975124377,-1.0341463414634147
-1.0213645761543764,-1.5,-1.0,-1.0,0.0,0.75,-1.0,1.0,-1.1139239899139295,-1.297112188774083,-0.4639541234298198,0.8737435941172488,-0.8240049751243781,-1.3790243902439023
-0.7953135768435562,-0.5,-1.0,-0.6,0.0,0.25,0.0,2.0,-0.7834788629026715,-0.934414970425571,1.3369272491007358,0.38050755411293435,-0.6859452736318408,-1.0790243902439025
0.48656099241902134,0.5,0.0,0.2,0.0,-0.75,-1.0,0.0,0.98867315726947,1.092973480993031,-0.28543381231284976,-0.5427623245045241,0.5876865671641791,-0.12146341463414634
0.042729152308752585,-1.5,0.0,-1.0,0.0,-0.75,-1.0,0.0,-0.7381746898469344,-0.8767843111888177,-1.5213327934612701,0.6053023024805788,-0.21455223880597016,-0.5039024390243902
0.8063404548587181,1.5,0.0,1.0,0.0,0.25,0.0,1.0,-0.47168689050665397,-0.5068575766281155,-0.24815909904141306,-0.22452383878873303,-0.3289800995024876,0.8790243902439024
0.8256374913852516,1.5,0.0,1.0,0.0,0.25,0.0,0.0,-0.5153665474395485,-0.6135918709797705,-1.4166792218309194,1.6867833751821746,-0.48569651741293535,0.6131707317073171
0.585802894555479,0.5,0.0,0.4,0.0,-0.5,0.0,0.0,0.6635556756532042,0.605392077591734,-0.4188308631047664,-0.4365758032594436,0.5926616915422885,0.9551219512195122
0.4672639558924879,0.5,0.0,0.2,0.0,-0.75,-1.0,0.0,0.9673529820903496,0.9416597066718921,-0.5443840750296614,-0.11231710467895945,0.8588308457711443,0.19121951219512195
0.1171605789110958,-1.5,0.0,-0.8,0.0,0.75,-1.0,0.0,-0.7115268692728213,-0.9416444866377611,-1.1231002467089775,2.427339793356194,-0.5143034825870647,-0.635609756097561
0.08683666436940041,-1.5,0.0,-0.8,0.0,-0.25,0.0,1.0,-0.6209185231613469,-0.6438226637723233,-0.5914659409781727,-0.38673847442789167,-0.7406716417910447,0.033658536585365856
-1.0103376981392143,-1.5,-1.0,-1.0,0.0,0.0,0.0,0.0,-1.0892140763682474,-1.3038889089708783,-0.16398613909866486,1.2532477794194008,-0.8774875621890548,-1.2590243902439024
-0.6547208821502413,-0.5,-1.0,-0.2,0.0,0.75,-1.0,0.0,0.2851425528887128,0.2618797122652548,-0.03629070227311271,-0.5927200575933699,1.8998756218905473,-0.08341463414634147
-0.9634734665747761,-1.5,-1.0,-1.0,0.0,0.75,-1.0,0.0,-1.0131208457717014,-1.107348803229691,0.08175295203299465,-0.34473745600854877,-0.7555970149253731,-1.338048780487805
-0.9221226740179187,-1.5,-1.0,-0.8,0.0,-0.75,-1.0,0.0,-0.6293768797458336,-0.6812373126746736,-0.8332736963031319,0.8143341268308345,-0.4148009950248756,-1.2321951219512195
-0.9248793935217091,-1.5,-1.0,-0.8,0.0,0.75,-1.0,0.0,-0.930046672859868,-1.0280980855099566,-0.42471609634833074,0.23723652162134368,-0.5503731343283582,-1.2360975609756097
-0.839421088904204,-1.5,-1.0,-0.6,0.0,-0.25,0.0,1.0,-0.6265979338585298,-0.7038200383164357,0.10017608617864737,0.046014493662471824,-0.5491293532338308,-0.9517073170731707
-0.580289455547898,-0.5,-1.0,0.0,0.0,0.5,0.0,0.0,0.4343773834097892,0.36997239466309506,0.4776831955404053,-0.36817615142842103,0.16480099502487564,0.12829268292682927
0.6216402481047554,0.5,0.0,0.4,0.0,-0.75,-1.0,1.0,0.44769969476365395,0.35327982223000126,0.9955837209740291,0.4930052651778348,0.9359452736318408,0.026341463414634145
0.7208821502412129,1.5,0.0,0.8,0.0,-0.5,0.0,1.0,0.023982398943424927,0.03367432551467506,0.069643496111038,-0.8921835061218041,0.04042288557213931,1.1204878048780489
0.09510682288077188,-1.5,0.0,-0.8,0.0,0.5,0.0,0.0,-0.5436388841365042,-0.5765386978880298,0.0009793028117289684,0.2621100344406346,-0.47450248756218905,0.042439024390243905
-0.5499655410062027,0.5,-1.0,0.0,0.0,-0.25,0.0,0.0,0.7381746898469344,0.7206990561676334,-0.0009793028117289684,-0.3555939065412122,0.0018656716417910447,0.09658536585365854
0.20813232253618194,-0.5,0.0,-0.6,0.0,0.25,0.0,0.0,-0.06129190604028985,-0.07931920787332356,-0.919075688807699,1.403983875863211,0.1287313432835821,0.771219512195122
0.2549965541006203,-0.5,0.0,-0.4,0.0,-0.75,-1.0,0.0,0.2984680621089608,0.26910922847744495,-0.5953878604116841,0.4555896422237664,2.631218905472637,0.27707317073170734
-0.5527222605099931,0.5,-1.0,0.0,0.0,-0.5,0.0,1.0,0.5409718635726244,0.5093156121402602,0.11279873443944292,-0.7237800916577409,0.15360696517412936,0.06634146341463415
0.7925568573397657,1.5,0.0,0.8,0.0,0.75,-1.0,1.0,0.05329724008141778,0.04559541724772304,0.4031384771841275,0.5615754897066905,2.378731343283582,0.7273170731707317
0.35699517574086836,-0.5,0.0,-0.2,0.0,-0.25,0.0,1.0,0.3251158826830739,0.2955540377799299,0.6189287933859392,-0.6176337051650919,0.11007462686567164,0.7492682926829268
-0.33218470020675395,0.5,-1.0,0.6,0.0,0.25,0.0,1.0,0.20519589329999033,0.19223283608213504,0.3521346918021053,0.917309867881412,-0.3762437810945274,-0.2375609756097561
-0.22467263955892489,1.5,-1.0,0.8,0.0,-0.5,0.0,0.0,-0.15989491811063664,-0.17534620821387184,0.6483549596037587,-0.6113626500977032,-0.03917910447761194,-0.11219512195121951
-0.9993108201240524,-1.5,-1.0,-1.0,0.0,-0.75,-1.0,0.0,-0.9007318317218753,-1.0232923597331165,-0.709170605849451,0.0873934234191297,-0.5963930348258707,-1.3487804878048781
0.13921433494141972,-1.5,0.0,-0.6,0.0,-0.75,-1.0,0.0,-0.5996015458486099,-0.7614925526470492,-1.087788847247594,1.5536965361200235,-0.025497512437810944,-0.4902439024390244
-0.3349414197105445,0.5,-1.0,0.6,0.0,0.0,0.0,0.0,0.5116570224346316,0.47086980592553984,0.29524096498992436,-0.12464850736347279,-0.10385572139303482,0.2048780487804878
0.5637491385251551,0.5,0.0,0.4,0.0,-0.75,-1.0,0.0,0.8181213494356568,0.8672717898569888,0.08533588203167641,1.1107092061596813,1.2145522388059702,0.01902439024390244
-0.1474844934527912,1.5,-1.0,1.0,0.0,-0.5,0.0,2.0,-0.21052673656136625,-0.22102533564931506,1.2976939302058417,-0.4180937497648353,-0.6349502487562189,-0.5721951219512195
0.38456237077877325,-0.5,0.0,0.0,0.0,0.5,0.0,1.0,0.45036671532753375,0.3988105543326681,0.56988832181397,0.5803485201564254,-0.24564676616915423,-0.06048780487804878
0.41764300482425915,-0.5,0.0,0.0,0.0,0.0,0.0,0.0,0.455694360722526,0.41081535625343646,-0.24620049341795514,1.6410698921629374,0.5503731343283582,1.2341463414634146
-0.08683666436940041,1.5,-1.0,1.2,0.0,-0.25,0.0,0.0,-0.7381746898469344,-0.7686573837141828,-0.208925780146519,-0.3930496642477116,-0.7157960199004975,-0.17073170731707318
-0.2660234321157822,1.5,-1.0,0.8,0.0,-0.75,-1.0,0.0,0.08793972661440291,0.0792697427623981,0.4384498766455112,-1.166647017360789,2.0727611940298507,-0.2946341463414634
0.009648518263266712,-1.5,0.0,-1.0,0.0,-0.25,0.0,1.0,-0.4486302738812665,-0.5284091449575075,0.38471534303847527,1.699777001281804,-0.7506218905472637,-0.44390243902439025
-1.0158511371467953,-1.5,-1.0,-1.0,0.0,-0.5,0.0,0.0,-1.1592281629696668,-1.3403599157571109,-0.7130925252829621,0.4369069149670018,-0.8575870646766169,-1.1892682926829268
-0.3542384562370779,0.5,-1.0,0.6,0.0,0.0,0.0,2.0,0.2744840642323442,0.1563059455160827,1.331042015857172,-0.8298080806307176,-0.7618159203980099,-0.8975609756097561
-0.980013783597519,-1.5,-1.0,-1.0,0.0,-0.75,-1.0,0.0,-1.3329084434865062,-1.5384064243764064,-0.9315288423510799,0.671022959586813,-0.7220149253731343,-1.4058536585365853
-0.43142660234321156,0.5,-1.0,0.4,0.0,0.0,0.0,0.0,0.8101266834767844,0.6918761165321913,-0.9896984877304656,0.20604178529412503,0.19092039800995025,0.08682926829268292
0.29083390764989664,-0.5,0.0,-0.4,0.0,0.75,-1.0,1.0,-0.43704120610728536,-0.4780841021035988,-0.6817077534416844,-0.4991559159879294,0.48445273631840796,-0.30146341463414633
0.9303928325292902,1.5,0.0,1.2,0.0,-0.75,-1.0,1.0,-0.48234537916302256,-0.5068727966622465,0.9622356353226988,-0.7924707204438904,-0.23942786069651742,-0.22926829268292684
0.10613370089593384,-1.5,0.0,-0.8,0.0,-0.25,0.0,0.0,-0.7211428534881528,-0.7915825601238908,-0.1884545848321062,0.2608156886747256,-0.7058457711442786,-0.050731707317073174
0.6409372846312887,0.5,0.0,0.6,0.0,-0.75,-1.0,1.0,0.5862760366283618,0.5549604944989089,0.8504162036949844,-1.1604181037834531,2.341417910447761,-0.25414634146341464
-0.4810475534114404,0.5,-1.0,0.2,0.0,0.75,-1.0,0.0,1.0739506601195685,1.145828854521206,-0.6326625736831202,-0.4866539406055832,0.31902985074626866,-0.6926829268292682
0.191592005513439,-0.5,0.0,-0.6,0.0,0.5,0.0,1.0,0.28247873019121633,0.2546197559848028,0.28151189287933837,-0.6363666008623955,2.162313432835821,1.0609756097560976
-0.7842866988283942,-0.5,-1.0,-0.4,0.0,-0.5,0.0,0.0,0.19187038407974197,0.1513594344235317,-0.9798913350533908,2.065414629618946,0.004353233830845771,-0.6521951219512195
-0.12543073742246727,1.5,-1.0,1.0,0.0,-0.25,0.0,1.0,-0.17588425002838112,-0.1970043167821802,0.9249609220512627,0.7863301033219033,-0.789179104477612,-0.43902439024390244
0.012405237767057202,-1.5,0.0,-1.0,0.0,0.0,0.0,0.0,-0.67155353947846,-0.8671462245754085,-0.8994613834535491,2.3650004891422958,-0.7730099502487562,-0.22
0.12267401791867677,-1.5,0.0,-0.8,0.0,-0.5,0.0,0.0,-0.46901986994277417,-0.5524720189185023,-0.6758225201981204,0.8860749968017624,-0.5939054726368159,0.17121951219512196
-0.25775327360441075,1.5,-1.0,0.8,0.0,0.0,0.0,2.0,0.09593439257327499,0.0554275592963017,1.2800382304751499,0.6865751761539372,-0.638681592039801,-0.7409756097560976
-0.5334252239834597,0.5,-1.0,0.2,1.0,-0.5,-1.0,1.0,0.6822120281348284,0.6174273195807642,0.016676396918962378,-0.9857476477272443,2.9036069651741294,-0.36097560975609755
0.5830461750516885,0.5,0.0,0.4,0.0,-0.75,-1.0,0.0,0.5995983479822264,0.5381385517757024,-0.4894536620275334,-0.5740373303366052,1.8053482587064678,0.31414634146341464
-0.13370089593383874,1.5,-1.0,1.0,0.0,0.75,-1.0,0.0,-0.43970822667116516,-0.4492307223998948,0.22265956044369947,-1.1167715605144273,0.6449004975124378,-0.9263414634146342
-0.6188835286009648,-0.5,-1.0,0.0,0.0,0.5,0.0,0.0,0.3411052146008184,0.31955603160440094,-1.3192715493700444,0.7364526397379201,0.20833333333333334,0.33951219512195124
-0.833907649896623,-1.5,-1.0,-0.6,0.0,0.25,0.0,0.0,-0.3144573940267055,-0.353169476982552,-0.14811013390082667,0.29956579214713397,-0.3812189054726368,-0.6819512195121952
-0.0013783597518952446,-1.5,0.0,-1.0,0.0,0.5,0.0,0.0,-0.7648225104210472,-0.965665505504896,-0.597351174221737,1.9905332152702704,-0.6921641791044776,-0.3307317073170732
-0.27705031013094417,1.5,-1.0,0.8,0.0,0.0,0.0,0.0,0.07994506065553049,0.09127454468316648,0.06375826286747369,-0.02481331069064387,-0.21330845771144277,0.2678048780487805
-0.8532046864231564,-1.5,-1.0,-0.6,0.0,0.25,0.0,2.0,-0.39731091415807374,-0.44702001244237777,-2.9867558711086835,0.8243076128100101,-0.8513681592039801,-1.5321951219512195
0.13370089593383874,-1.5,0.0,-0.6,0.0,0.5,0.0,1.0,-0.5116602203010152,-0.545288162808705,0.10691350119587914,-0.3493629862262546,-0.6026119402985075,-0.375609756097561
-0.5223983459682977,0.5,-1.0,0.2,0.0,0.5,0.0,1.0,0.6262493664227229,0.6367034928075828,0.5816587883010975,0.4555896422237664,-0.04788557213930348,-0.18048780487804877
-0.2935906271536871,1.5,-1.0,0.6,0.0,0.25,0.0,0.0,0.3304467259444498,0.271533018912795,0.305052825853594,-0.06863042665750242,-0.09639303482587065,0.22829268292682928
-0.39007580978635426,0.5,-1.0,0.4,0.0,0.25,0.0,1.0,0.5463027068340004,0.5429899376549353,0.6463963539803007,0.31214803703434285,-0.3675373134328358,-0.29804878048780487
-0.7980702963473466,-0.5,-1.0,-0.6,0.0,0.0,0.0,1.0,-0.6822120281348286,-0.7830707560361703,0.0578730296239099,-0.06858025821696355,-0.6996268656716418,-1.146341463414634
0.6657477601654032,0.5,0.0,0.6,0.0,-0.25,0.0,0.0,0.20519589329999033,0.1945957463809613,-0.5384988417860976,-0.8796413959870265,0.4222636815920398,1.453170731707317
-0.7181254307374225,-0.5,-1.0,-0.4,0.0,0.25,0.0,1.0,0.33311054864194634,0.28833974160187065,0.3128966647206162,1.4166062555028514,-0.20087064676616914,-0.11170731707317073
-0.6960716747070985,-0.5,-1.0,-0.2,0.0,0.5,0.0,0.0,-0.10925990179352335,-0.11047081273079744,-0.208925780146519,0.4868646480558477,0.20335820895522388,-0.001951219512195122
0.6106133700895934,0.5,0.0,0.4,0.0,0.0,0.0,0.0,0.49300386781939093,0.451669732869376,0.20107723309290176,-1.0980838164136089,0.4521144278606965,1.2502439024390244
-0.2439696760854583,1.5,-1.0,0.8,0.0,-0.5,0.0,0.0,0.06662274930166578,0.02882293963544212,-0.25797095990508323,-0.043586341140378695,-0.021766169154228857,0.06780487804878049
-0.38456237077877325,0.5,-1.0,0.4,0.0,0.75,-1.0,1.0,0.5329771976137524,0.5038059597848649,1.0152027345147738,1.9655392981936854,-0.6274875621890548,-1.38
-1.0406616126809096,-1.5,-1.0,-1.0,0.0,0.75,-1.0,1.0,-0.5409718635726244,-0.5308938155293813,0.8072562571799844,-0.19341940565448484,-0.4968905472636816,-1.4946341463414634
0.9496898690558235,-1.5,0.0,1.2,0.0,-0.75,-1.0,0.0,-0.8554308565325217,-0.9272006742475118,-0.5600764609503004,-0.46797121334881864,-0.40111940298507465,-1.1409756097560975
-0.04548587181254307,-1.5,-1.0,1.2,0.0,0.0,0.0,0.0,-0.6849941718885161,-0.8491865843009151,-0.6142394395374675,1.146228462061371,-0.5914179104477612,-0.8151219512195121
0.7126119917298415,1.5,0.0,0.6,0.0,0.5,0.0,1.0,0.33844139190332223,0.3147236707678318,0.26189287933859356,-0.15596364794798542,0.39116915422885573,1.293658536585366
0.5775327360441075,0.5,0.0,0.4,0.0,0.5,0.0,1.0,0.64756634373546,0.6270349661259117,0.3835194636433832,0.5928906302912028,0.416044776119403,0.4892682926829268
-0.2742935906271537,1.5,-1.0,0.8,0.0,0.25,0.0,0.0,-0.06129190604028985,-0.08646881890632636,-0.06375826286747421,-0.4491981828990838,-0.11380597014925373,0.19902439024390245
-0.7208821502412129,-0.5,-1.0,-0.4,0.0,0.0,0.0,1.0,0.3411052146008184,0.27393017428841604,0.9465432494020599,1.3292328994599367,-0.22823383084577115,-0.19170731707317074
-0.41212956581667815,0.5,-1.0,0.4,0.0,0.0,0.0,0.0,0.6715503416120766,0.6221988002808096,-0.27758526525923305,-0.3617746584156306,-0.07773631840796019,0.15024390243902438
-0.07856650585802895,1.5,-1.0,1.2,0.0,0.5,0.0,1.0,-0.4423720493686613,-0.5453528479537614,-0.6306992598730673,0.8112437508936255,-0.6871890547263682,-0.15560975609756098
-0.03997243280496209,-1.5,-1.0,1.2,0.0,0.5,0.0,0.0,-0.6449025210379635,-0.701407662906684,0.010791163675398598,-0.45538896846160976,-0.2978855721393035,-0.5902439024390244
-0.28532046864231564,1.5,-1.0,0.8,0.0,-0.75,-1.0,1.0,-0.5009985337782632,-0.600555911746632,0.7405600858773234,0.4243246700797929,-0.1424129353233831,-0.6907317073170731
-0.1640248104755341,1.5,-1.0,1.0,0.0,-0.25,0.0,1.0,0.05329724008141778,0.01685238279146847,0.2560076460950298,0.19977073022673641,-0.35012437810945274,0.013658536585365854
0.321157822191592,-0.5,0.0,-0.2,0.0,0.0,0.0,1.0,0.19720122734111792,0.18977480056999027,0.5169212226218949,0.36812598298788185,-0.13743781094527363,0.1848780487804878
-0.6436940041350793,-0.5,-1.0,-0.2,0.0,0.0,0.0,0.0,0.4716836926402705,0.427652519010774,0.2913190455564135,-0.255758709868383,0.01181592039800995,0.25365853658536586
0.1419710544452102,-1.5,0.0,-0.6,0.0,-0.5,0.0,0.0,-0.8634255224913938,-0.9968323303965007,-0.6032364074653008,0.4930052651778348,-0.6560945273631841,-0.2868292682926829
0.2991040661612681,-0.5,0.0,-0.2,0.0,-0.25,0.0,1.0,0.31978503942169795,0.28107978532141864,0.11868396768300724,-0.23706594892351054,-0.09639303482587065,0.6678048780487805
0.7787732598208132,1.5,0.0,0.8,0.0,-0.5,0.0,0.0,-0.08261208121941045,-0.07689161242944088,-0.3109380590971583,-0.9857065096060024,0.12375621890547264,1.224390243902439
0.4259131633356306,-0.5,0.0,0.0,0.0,0.75,-1.0,0.0,0.3784147216976833,0.34837897123984307,-0.6130435601423755,-0.13099983193572406,2.7767412935323383,0.4980487804878049
-0.3018607856650586,1.5,-1.0,0.6,0.0,-0.5,0.0,1.0,0.4343773834097892,0.3268197928933854,1.0073541874611571,-0.6925552542661988,-0.05783582089552239,0.11121951219512195
0.37904893177119225,-0.5,0.0,-0.2,0.0,0.0,0.0,1.0,0.4583613812864058,0.41086101635582933,0.16772914744157147,-0.45546923796647243,0.018034825870646767,1.1668292682926829
-0.1943487250172295,1.5,-1.0,1.0,0.0,0.5,0.0,1.0,-0.3517669011235704,-0.3795800412082424,-0.05590971581385698,0.9236611924536633,-0.3240049751243781,-0.06926829268292684
-0.18607856650585802,1.5,-1.0,1.0,0.0,-0.5,0.0,0.0,-0.3784147216976833,-0.38917246771925884,0.5855807077346089,-1.229106725831981,-0.44465174129353235,-0.027317073170731707
-0.9138525155065472,-1.5,-1.0,-0.8,0.0,0.0,0.0,0.0,-0.6238157901048421,-0.711346345194179,-0.992942428294318,0.7231078345545169,-0.6374378109452736,-0.8882926829268293
-0.321157822191592,0.5,-1.0,0.6,0.0,-0.5,0.0,1.0,0.11459074505489927,0.10092785133070667,0.26189287933859356,-0.28075262694496783,-0.049129353233830844,0.06341463414634146
-0.5031013094417643,0.5,-1.0,0.2,0.0,0.5,0.0,0.0,0.4796783585991426,0.46124693934626154,-0.20304054690295467,0.03120477001532648,0.7307213930348259,0.2448780487804878
0.9717436250861475,-1.5,0.0,1.2,0.0,-0.5,0.0,1.0,-0.9513668480389885,-1.064120101289327,-0.26777811258215783,-0.24960805905828806,-0.36256218905472637,-0.6965853658536585
0.6436940041350793,0.5,0.0,0.6,1.0,-0.5,-1.0,0.0,0.6209185231613469,0.6030139472587768,0.7366334582572175,-0.28698354725992514,1.5354477611940298,0.17121951219512196
-0.7456926257753274,-0.5,-1.0,-0.4,0.0,-0.5,0.0,0.0,-0.0026654216306881413,-1.5220034130941757e-05,-0.43256464340194745,-0.1621042650699725,-0.07649253731343283,-0.46731707317073173
-0.8780151619572708,-1.5,-1.0,-0.6,0.0,-0.25,0.0,0.0,-0.788806508297664,-0.9104281966352309,-0.4678760428633307,0.3682564209332837,-0.7381840796019901,-0.9775609756097561
0.9524465885596141,-1.5,0.0,1.2,0.0,-0.5,0.0,1.0,-0.9018926572191035,-0.9293733341197016,0.7388510141433924,-1.0283787817597585,-0.6921641791044776,-1.4497560975609756
0.15024121295658166,-1.5,0.0,-0.6,0.0,0.25,0.0,0.0,0.045302574122545354,0.08163265306122437,-0.31485997853066916,2.627220894152116,-0.3041044776119403,0.5746341463414634
-0.7649896623018608,-0.5,-1.0,-0.4,0.0,-0.5,0.0,1.0,0.26324356389416975,0.23616546460105428,0.38880675718940094,1.4523863872953442,0.15485074626865672,-0.5975609756097561
0.05099931082012405,-1.5,0.0,-0.8,0.0,0.0,0.0,0.0,-0.14123856562901235,-0.13930897240037052,-0.5953878604116841,0.09375478167948909,-0.5304726368159204,0.27170731707317075
0.7594762232942798,1.5,0.0,0.8,0.0,-0.5,0.0,1.0,0.15456407484926069,0.13698030717833895,0.3442861447484886,1.1670583985732097,0.03669154228855721,0.6814634146341464
0.4203997243280496,-0.5,0.0,0.0,0.0,0.25,0.0,0.0,0.43171036284590947,0.46129259944865436,-0.3050528258535945,0.7425932568599072,0.5590796019900498,1.2024390243902439
0.687801516195727,0.5,0.0,0.6,0.0,0.0,0.0,0.0,0.12524923371126784,0.14175178787838433,-0.46002749580971397,0.3557143107985062,0.07151741293532338,1.5048780487804878
-0.5472088215024121,0.5,-1.0,0.0,0.0,0.0,0.0,0.0,0.687539673529821,0.5766033830330867,-0.6424697263601952,0.8237457262759721,0.14614427860696516,0.32146341463414635
-0.20261888352860097,1.5,-1.0,1.0,0.0,-0.25,0.0,0.0,-0.35976156708244267,-0.40356681499858255,0.23246671312077413,-0.44300739733655753,-0.3986318407960199,-0.02926829268292683
0.5334252239834597,0.5,0.0,0.2,0.0,0.0,0.0,0.0,0.6742173621759563,0.5741910076233346,-0.8680719034256765,-0.14973272763302783,0.8115671641791045,1.4985365853658537
0.048242591316333565,-1.5,0.0,-1.0,0.0,-0.25,0.0,0.0,-0.3944040536154278,-0.46357560456829305,-1.0250098871918492,0.8237055915235407,-0.5055970149253731,0.2278048780487805
0.8945554789800138,1.5,0.0,1.2,0.0,-0.5,0.0,0.0,-0.19453740464362176,-0.18018237405897383,0.6267773404395559,-0.9732898205725725,-0.21828358208955223,0.9565853658536585
-0.6299104066161269,-0.5,-1.0,-0.2,1.0,-0.5,-1.0,0.0,0.7035290054475656,0.6390207430040162,0.23835194636433843,-0.4866138058531519,1.0180348258706469,-0.5702439024390243
-0.698828394210889,-0.5,-1.0,-0.2,0.0,0.25,0.0,0.0,-0.17321722946450133,-0.23299208748475608,-0.8955347558334432,1.1605866697436644,-0.1449004975124378,0.04926829268292683
0.580289455547898,0.5,0.0,0.4,0.0,0.75,-1.0,1.0,0.5729505274081135,0.5141213379171004,0.4639541234298198,0.2684613590128858,1.8861940298507462,0.1629268292682927
0.7070985527222605,1.5,0.0,0.6,0.0,0.0,0.0,0.0,0.3890732103540519,0.3556275124946966,-0.016676396918962902,0.6489488457496045,0.07027363184079602,1.5746341463414635
-0.5306685044796692,0.5,-1.0,0.2,0.0,-0.25,0.0,0.0,0.7461693558058065,0.7350819884213591,-0.20696246633646606,-0.5364511346847038,0.3737562189054726,-0.04097560975609756
0.27705031013094417,-0.5,0.0,-0.4,0.0,-0.5,0.0,1.0,-0.6129238572024747,-0.7687068488251084,0.6228554210060451,1.241899678169454,-0.6660447761194029,-0.3409756097560976
0.20261888352860097,-0.5,0.0,-0.6,0.0,-0.25,0.0,0.0,-0.6075962118074822,-0.7134238798530504,-1.6213817586018568,0.07494161647732266,-0.24813432835820895,0.41609756097560974
0.028945554789800137,-1.5,0.0,-1.0,0.0,-0.25,0.0,0.0,-0.5463027068340004,-0.5861311243990465,0.9485018550255183,-0.5614450517612886,-0.36256218905472637,0.08878048780487804
0.9441764300482426,-1.5,0.0,1.2,0.0,0.5,0.0,1.0,-0.5969345252847301,-0.7662640333470946,-0.3658637639126913,1.9531577270686336,-0.6337064676616916,-0.15414634146341463
0.7842866988283942,1.5,0.0,0.8,0.0,0.0,0.0,0.0,0.23717455713547933,0.21144812917242978,0.008827849865345674,-1.073040734265296,0.08022388059701492,1.551219512195122
-0.15575465196416263,1.5,-1.0,1.0,0.0,0.5,0.0,0.0,-0.7648225104210472,-0.8767843111888177,-1.0563993672197218,-0.1122769699265284,-0.6038557213930348,-0.2785365853658537
-0.06753962784286699,1.5,-1.0,1.2,0.0,-0.25,0.0,1.0,-0.4077295628356762,-0.40597919040833447,-0.18342153336221043,-1.185502324053008,-0.6399253731343284,-0.0897560975609756
0.8146106133700896,1.5,0.0,1.0,0.0,-0.75,-1.0,0.0,-0.5996015458486099,-0.6605951413846044,-0.47768319554040584,-0.006170718186310583,0.5851990049751243,0.09170731707317073
-0.6492074431426602,-0.5,-1.0,-0.2,0.0,-0.5,0.0,1.0,0.3784147216976833,0.3315912735934312,0.8268752707207292,0.5430131667072196,0.13121890547263682,-0.13658536585365855
-0.6519641626464507,-0.5,-1.0,-0.2,0.0,-0.75,-1.0,0.0,0.29047339615008877,0.2714873588104022,0.5424207612196085,-0.3182184183395751,1.0516169154228856,-0.3092682926829268
0.17229496898690558,-1.5,0.0,-0.6,0.0,0.5,0.0,1.0,-0.24783624365823118,-0.2546349760189337,0.9779280212433378,-0.6675513035015064,-0.2269900497512438,0.054634146341463415
-0.15851137146795313,1.5,-1.0,1.0,0.0,0.25,0.0,1.0,-0.5489665295314967,-0.6846313802858702,-0.27562665963577454,1.2606225401786504,-0.7356965174129353,-0.3921951219512195
-0.9882839421088904,-1.5,-1.0,-1.0,0.0,0.25,0.0,1.0,-0.8047958402154085,-0.9440226169707184,-0.45218365694269225,0.16235510727266803,-0.8053482587064676,-0.9141463414634147
-0.5665058580289456,0.5,-1.0,0.0,0.0,0.0,0.0,0.0,0.7035290054475656,0.7255352220127355,0.3442861447484886,-0.07486134697246,-0.08644278606965174,0.0624390243902439
0.5940730530668504,0.5,0.0,0.4,0.0,0.25,0.0,0.0,0.6582280302582119,0.5766033830330867,-0.5424207612196085,-0.38054768886536544,0.7555970149253731,1.2434146341463415
-0.18056512749827705,1.5,-1.0,1.0,0.0,0.0,0.0,0.0,-0.3624253897799388,-0.3579409576825974,0.583617393924556,-1.1792312689856195,-0.529228855721393,0.041951219512195125
0.8311509303928325,1.5,0.0,1.0,0.0,0.75,-1.0,0.0,-0.3970678763129241,-0.41555639688522,0.05198779638034612,-1.222877812254645,1.6909203980099503,0.3551219512195122
-1.007580978635424,-1.5,-1.0,-1.0,0.0,0.25,0.0,0.0,-1.1139239899139295,-1.3403789407997746,-0.7719448577186012,1.2168555926523303,-0.861318407960199,-1.146341463414634
-0.19986216402481047,1.5,-1.0,1.0,0.0,0.0,0.0,0.0,-0.43437738340978904,-0.43003064934373103,0.3972532439405637,-0.9796020137612034,-0.44838308457711445,0.04780487804878049
-0.0647829083390765,-1.5,-1.0,1.2,0.0,0.0,0.0,1.0,-0.2718202415348479,-0.2858817060897259,1.0544360534096686,0.41817401926969827,-0.775497512437811,-0.5682926829268292
-0.9717436250861475,-1.5,-1.0,-1.0,0.0,0.0,0.0,2.0,-0.9460360047776124,-1.139790305979761,1.0740550669504134,1.1451147226814031,-0.8662935323383084,-1.5834146341463415
0.45899379738111645,0.5,0.0,0.0,0.0,0.25,0.0,0.0,0.7541640217646788,0.65583888071869,-0.9975470347840826,-0.08100196409444708,0.23694029850746268,1.0926829268292684
-0.5747760165403171,-0.5,-1.0,0.0,0.0,-0.75,-1.0,1.0,0.5942707025872338,0.5429594975866734,0.1520367615209325,-0.7798483408042504,1.1299751243781095,-0.2990243902439024
-0.9359062715368711,-1.5,-1.0,-0.8,0.0,-0.25,0.0,0.0,-0.9353775161212441,-1.160162321664006,-0.45414226256615015,1.828408882824082,-0.8289800995024875,-1.0985365853658537
0.49758787043418334,0.5,0.0,0.2,0.0,0.25,0.0,0.0,0.64756634373546,0.5765843579904228,-0.49338028964763925,-0.3305899557765198,0.375,1.3151219512195123
-0.36526533425223984,0.5,-1.0,0.6,0.0,0.75,-1.0,0.0,0.4983347110807669,0.4948908247926747,0.38744609126348906,0.05620872078001888,1.498134328358209,-0.5702439024390243
-0.2191592005513439,1.5,-1.0,0.8,0.0,0.0,0.0,1.0,-0.09327056987577885,-0.11530697857589943,0.4051017909941804,-0.311857060079216,-0.4060945273631841,-0.11121951219512195
0.2963473466574776,-0.5,0.0,-0.4,0.0,-0.5,0.0,1.0,-0.15722789754675684,-0.1729528578467837,-0.3030895120435416,-0.08112236835174079,-0.08146766169154229,0.58
-0.29083390764989664,1.5,-1.0,0.6,0.0,0.5,0.0,0.0,0.16255874080813276,0.15858895063572187,0.061794949057420764,0.2684212242604545,0.12375621890547264,0.31902439024390244
-0.6161268090971743,-0.5,-1.0,0.0,0.0,0.75,-1.0,0.0,0.3890732103540519,0.34833331113745025,-0.8386457372078571,-0.5677161068286773,1.416044776119403,-0.11951219512195121
-0.6933149552033081,-0.5,-1.0,-0.2,0.0,0.75,-1.0,0.0,0.021318576245928783,0.03603723581350134,-0.4384498766455112,-0.19337927090205353,1.0963930348258706,-0.30048780487804877
0.39007580978635426,-0.5,0.0,0.0,0.0,-0.75,-1.0,0.0,0.2851425528887128,0.2738959292116213,-0.6640520537109926,0.04378701490253534,2.193407960199005,0.6970731707317073
-0.10062026188835287,1.5,-1.0,1.2,0.0,0.25,0.0,0.0,-0.7914735288615438,-0.9368387608609211,-0.2560076460950303,0.6053825719854412,-0.7220149253731343,-0.26634146341463416
-0.24948311509303928,1.5,-1.0,0.8,0.0,0.75,-1.0,0.0,-0.021318576245928783,-0.01683716275733753,-0.7111339196595039,0.7862398001289331,1.453358208955224,-0.1951219512195122
-0.7291523087525844,-0.5,-1.0,-0.4,0.0,-0.75,-1.0,1.0,0.2185214025202387,0.184972879801683,0.8307971901542401,0.12493948431859991,1.2182835820895523,-0.6034146341463414
0.9110957960027567,1.5,0.0,1.2,0.0,-0.75,-1.0,1.0,-0.4130572082306686,-0.42998118423280557,1.2761163110416391,-0.21821264896891307,-0.36007462686567165,-0.45414634146341465
-0.5637491385251551,0.5,-1.0,0.0,0.0,0.25,0.0,1.0,0.687539673529821,0.7255504420468664,0.3246671312077438,0.5928003270982324,0.01927860696517413,0.15902439024390244
-0.05099931082012405,-1.5,-1.0,1.2,1.0,-0.5,-1.0,0.0,-0.6126936108228591,-0.7138766758684455,-0.599907719542741,0.5994325949375029,-0.3737562189054726,-1.3809756097560975
0.7760165403170227,1.5,0.0,0.8,0.0,-0.75,-1.0,0.0,-0.15722789754675684,-0.17777380365775472,-0.5855807077346089,-0.13715048274581898,1.7431592039800996,0.4751219512195122
-0.8835286009648519,-1.5,-1.0,-0.8,0.0,-0.75,-1.0,0.0,-0.5431751935108896,-0.5785173023250503,0.21481101339008277,-0.5465851596736042,-0.04539800995024876,-0.9804878048780488
0.3239145416953825,-0.5,0.0,-0.2,0.0,0.25,0.0,0.0,-0.02398559680980857,-0.04325153199156034,-0.38744609126348906,1.3479256604048093,0.3675373134328358,0.8917073170731707
-0.4286698828394211,0.5,-1.0,0.4,0.0,0.25,0.0,0.0,0.652897186996836,0.5645529210099254,-0.9916618015405185,-0.14977286238545917,0.1013681592039801,0.1278048780487805
-0.2687801516195727,1.5,-1.0,0.8,0.0,0.75,-1.0,0.0,0.02664941950730471,0.038400146112327616,0.31485997853066916,-1.3477129462169235,1.8712686567164178,-0.2653658536585366
-0.9937973811164714,-1.5,-1.0,-1.0,0.0,-0.25,0.0,1.0,-0.9486998274751087,-1.030460995808783,1.070133147516902,-0.3305899557765198,-0.8973880597014925,-1.4848780487804878
0.8090971743625086,1.5,0.0,1.0,0.0,0.5,0.0,0.0,-0.5063293770396393,-0.5597471952330851,-0.528691689109023,0.8674324042974287,-0.13992537313432835,0.7370731707317073
-0.15299793246037216,1.5,-1.0,1.0,0.0,0.75,-1.0,0.0,-0.5889398593258579,-0.6798294595175628,-0.6228554210060456,0.4492383176515151,0.26430348258706465,-0.4868292682926829
-0.33769813921433495,0.5,-1.0,0.6,0.0,-0.25,0.0,0.0,0.4397050288047815,0.3820380767203872,0.36782707772274426,-0.38046741936050277,-0.03669154228855721,0.1678048780487805
0.9469331495520331,-1.5,0.0,1.2,0.0,0.75,-1.0,0.0,-0.7914735288615438,-1.0160780635550573,-0.909268536130624,2.2838981881667704,-0.6536069651741293,-1.0604878048780488
0.957960027567195,-1.5,0.0,1.2,0.0,0.0,0.0,2.0,-0.8634255224913938,-1.0761210982015625,0.889649522589879,1.3728393079765315,-0.8973880597014925,-1.6029268292682928
-0.5168849069607168,0.5,-1.0,0.2,0.0,-0.75,-1.0,0.0,0.7488331785033029,0.7110609695542242,-0.263856193148647,0.03760626302811692,1.2593283582089552,-0.28292682926829266
0.9138525155065472,1.5,0.0,1.2,0.0,-0.5,0.0,1.0,-0.24783624365823118,-0.2571234515993402,1.3683167291286087,0.10620658862129613,-0.4993781094527363,0.5478048780487805
0.7374224672639559,1.5,0.0,0.8,0.0,-0.75,-1.0,1.0,-0.31179357132920915,-0.3170979960922562,0.34820806418199945,-0.38690904712572455,0.06281094527363185,-0.4824390243902439
0.10889042039972432,-1.5,0.0,-0.8,0.0,0.0,0.0,0.0,-0.37575089900018716,-0.42038875772178913,-0.3128966647206162,0.5493243565270398,-0.4185323383084577,0.3224390243902439
-0.7815299793246038,-0.5,-1.0,-0.4,0.0,-0.25,0.0,1.0,-0.3171212167242016,-0.3987648942302753,0.03629070227311219,2.09045871513607,-0.7008706467661692,-1.0195121951219512
-0.5444521019986216,0.5,-1.0,0.0,0.0,0.25,0.0,0.0,0.5862760366283618,0.5093308321743912,-0.9426166217819543,0.05607828283461734,0.3687810945273632,0.375609756097561
-0.21088904203997244,1.5,-1.0,0.8,0.0,0.75,-1.0,2.0,-0.8287798380920253,-1.0472791335234566,1.1682187988474355,1.722262496331433,-0.8376865671641791,-1.535609756097561
0.2742935906271537,-0.5,0.0,-0.4,0.0,-0.75,-1.0,2.0,-0.37308387843630736,-0.4324239997108192,0.9465432494020599,1.6537825749955481,-0.7593283582089553,-1.371219512195122
0.43969676085458304,0.5,0.0,0.0,0.0,0.25,0.0,0.0,0.9353743182548606,0.9489386879950079,-0.3128966647206162,-0.6114128185382421,0.05907960199004975,0.6873170731707318
0.8035837353549277,1.5,0.0,0.8,0.0,0.0,0.0,1.0,-0.49833471108076705,-0.5405014620745286,0.1520367615209325,-0.13099983193572406,-0.38743781094527363,0.6970731707317073
0.3459682977257064,-0.5,0.0,-0.2,0.0,0.5,0.0,0.0,0.16255874080813276,0.18253006432366917,-0.5228064558654587,-0.4305054219542113,0.9832089552238806,1.170731707317073
0.7346657477601654,1.5,0.0,0.8,0.0,0.75,-1.0,0.0,0.13058007697264376,0.1345869568112508,0.14026629503380442,0.8859947272968997,2.861318407960199,0.593170731707317
0.27980702963473464,-0.5,0.0,-0.4,0.0,-0.25,0.0,0.0,-0.3197882372880814,-0.37238477007284676,-0.848452889884932,0.6989467135908815,-0.26430348258706465,0.6814634146341464
-1.0268780151619572,-1.5,-1.0,-1.0,0.0,0.25,0.0,0.0,-0.9880943434540477,-1.02712780833411,-0.5466863782745439,-0.9046152456873956,-0.7991293532338308,-1.0731707317073171
0.9331495520330806,1.5,0.0,1.2,0.0,-0.5,0.0,1.0,-0.3837455649590594,-0.38677911735217047,1.2839601499086608,-0.8173913915972879,-0.6449004975124378,0.3195121951219512
-0.9166092350103378,-1.5,-1.0,-0.8,0.0,-0.25,0.0,0.0,-0.7906612708001223,-0.9469753035921181,-1.5067468313904215,1.120271310926436,-0.7344527363184079,-0.9965853658536585
0.18883528600964852,-0.5,0.0,-0.6,0.0,0.25,0.0,0.0,0.13058007697264376,0.10812692747463494,0.9269242358613157,-0.6237040864703242,0.7506218905472637,0.8873170731707317
0.47829083390764987,0.5,0.0,0.2,0.0,0.25,0.0,0.0,1.0046624891872145,0.9825178882963645,-0.8307971901542401,0.14354194207050186,0.8389303482587065,0.5453658536585366
-0.569262577532736,0.5,-1.0,0.0,0.0,-0.25,0.0,1.0,0.5356410203112485,0.5117584276182741,0.6405111207367369,-0.08727301916183572,0.054104477611940295,0.16731707317073172
-0.9965541006202618,-1.5,-1.0,-1.0,1.0,-0.5,-1.0,1.0,-1.0792815033809444,-1.241874879904418,-0.4561055763762031,0.14342153781320788,-0.7630597014925373,-1.3829268292682926
-0.9083390764989663,-1.5,-1.0,-0.8,0.0,0.5,0.0,0.0,0.02664941950730471,0.03360964036961845,-0.5541912277067366,0.8548902941626515,-0.1884328358208955,-0.6682926829268293
0.9055823569951758,1.5,0.0,1.2,0.0,0.5,0.0,1.0,-0.6155908777663545,-0.6894371060627101,0.6110849545189175,-0.4928848609205408,-0.47450248756218905,0.45902439024390246
0.8008270158511371,1.5,0.0,0.8,0.0,-0.25,0.0,1.0,-0.6240684215491424,-0.7352836538735937,0.8996402945441534,0.33398134235696364,-0.8003731343283582,-1.3214634146341464
-1.0323914541695383,-1.5,-1.0,-1.0,0.0,-0.25,0.0,0.0,-1.0019986664897182,-1.1073640232638218,-0.2068777189777584,-0.19492445887065826,-0.7742537313432836,-1.1043902439024391
0.3404548587181254,-0.5,0.0,-0.2,0.0,0.0,0.0,0.0,0.3944040536154278,0.3531999170508141,0.29916759261003023,-0.5740373303366052,0.3240049751243781,1.324390243902439
0.6492074431426602,0.5,0.0,0.6,0.0,0.0,0.0,0.0,0.7141906919703174,0.7831963213177506,0.5031874423247139,0.08112236835174107,0.12624378109452736,1.2497560975609756
-0.1695382494831151,1.5,-1.0,1.0,0.0,-0.75,-1.0,0.0,-0.23184691174048686,-0.27624361947631665,-0.8288385845307822,1.0234161196216298,0.3401741293532338,-0.4902439024390244
0.8118538938662991,1.5,0.0,1.0,0.0,0.75,-1.0,1.0,-0.5436388841365042,-0.6822532499529128,-0.6738592063880675,0.911119082318886,0.3712686567164179,0.19073170731707317
-0.2605099931082012,1.5,-1.0,0.8,0.0,-0.25,0.0,1.0,0.1705534067670052,0.1634098964466929,0.8209900374771649,-0.36804571348301923,-0.07898009950248756,0.08682926829268292
-0.7760165403170227,-0.5,-1.0,-0.4,0.0,0.25,0.0,0.0,-0.24250540039685525,-0.2642730626323428,-0.14811013390082667,-0.17469654364528892,-0.19838308457711443,-0.56
-0.2549965541006203,1.5,-1.0,0.8,0.0,0.25,0.0,1.0,0.24250540039685525,0.18512888515152484,1.2349196783366916,-0.38063799205833593,-0.5478855721393034,-0.5341463414634147
0.23294279807029636,-0.5,0.0,-0.4,0.0,0.75,-1.0,0.0,-0.24250540039685525,-0.29306556219952323,-1.7900902088551573,0.9546853560830488,3.1361940298507465,-0.055121951219512196
-0.4203997243280496,0.5,-1.0,0.4,0.0,-0.75,-1.0,1.0,0.5223187089573837,0.46131162449131813,0.8621866701821125,0.4305455567066427,0.7555970149253731,-0.6029268292682927
-0.968986905582357,-1.5,-1.0,-1.0,0.0,0.25,0.0,0.0,-1.0179879984074627,-1.0785296686027817,0.25012241285146597,-0.6610795746719612,-0.8899253731343284,-1.6107317073170733
0.5747760165403171,0.5,0.0,0.4,0.0,0.25,0.0,0.0,0.7754809990774156,0.7471438654701184,-0.06571686849093214,-0.23702581417107949,0.5789800995024875,1.1570731707317072
-0.315644383184011,0.5,-1.0,0.6,0.0,0.0,0.0,1.0,0.2611585550120959,0.18029271930642327,1.2506120642573304,-0.8359948527180008,-0.23818407960199006,0.046341463414634146
0.1640248104755341,-1.5,0.0,-0.6,0.0,-0.25,0.0,0.0,0.16522256350562892,0.1513594344235317,-0.07945064878811263,0.5741978693463304,0.03917910447761194,0.666829268292683
-0.9028256374913852,-1.5,-1.0,-0.8,0.0,-0.75,-1.0,0.0,-0.7294860868828319,-0.8592470268614575,-1.0666349648769278,0.43658583694755143,-0.11380597014925373,-1.2414634146341463
-0.037215713301171606,-1.5,-1.0,1.2,0.0,0.75,-1.0,0.0,-0.33044672594445,-0.33875610466056455,-0.08729919584172986,0.4056720438873518,-0.08146766169154229,-0.9258536585365854
-0.4093728463128877,0.5,-1.0,0.4,0.0,0.25,0.0,0.0,0.6342440323815953,0.605407297625865,0.09514303470875159,0.5366518084468604,-0.11380597014925373,-0.26926829268292685
-0.9386629910406616,-1.5,-1.0,-0.8,0.0,-0.5,0.0,0.0,-0.7728171763799194,-0.7590687622116992,0.4894536620275334,-1.3476718080956815,-0.7593283582089553,-1.0370731707317074
-0.6078566505858028,-0.5,-1.0,0.0,0.0,-0.25,0.0,0.0,0.6209185231613469,0.5814053038013939,-0.17165106687508233,0.08112236835174107,0.04042288557213931,0.17170731707317075
-0.3873190902825637,0.5,-1.0,0.4,0.0,0.5,0.0,0.0,0.59693452528473,0.5957996510807175,0.5973511742217364,-0.96083099004909,0.04664179104477612,0.08536585365853659
0.8917987594762233,1.5,0.0,1.2,0.0,-0.75,-1.0,1.0,-0.5303133749162561,-0.5477005382184568,0.889649522589879,-0.5553044346393015,0.20087064676616914,0.01902439024390244
-0.009648518263266712,-1.5,0.0,-1.0,0.0,-0.25,0.0,0.0,-0.6544033820634872,-0.7013543927872257,0.057190342567656725,0.07855374419613857,-0.693407960199005,-0.14292682926829267
-0.02067539627842867,-1.5,0.0,-1.0,0.0,0.5,0.0,0.0,-0.5729505274081135,-0.6197712048369268,-0.4345279572120004,-0.11854802499391702,-0.5267412935323383,0.03560975609756097
0.17780840799448655,-1.5,0.0,-0.6,0.0,-0.75,-1.0,1.0,-0.13058007697264395,-0.14896608405644335,0.8268752707207292,-0.5301800796173152,1.8364427860696517,-0.016097560975609757
-0.5582356995175741,0.5,-1.0,0.0,0.0,0.75,-1.0,0.0,0.5809451933669855,0.5333214109732641,-0.7111339196595039,0.29948552264227163,1.3078358208955223,-0.14536585365853658
0.6685044796691937,0.5,0.0,0.6,0.0,0.0,0.0,0.0,0.2744840642323442,0.25465019605306466,-0.26974142639221077,-0.4803828855381946,0.39738805970149255,1.513170731707317
-0.6905582356995176,-0.5,-1.0,-0.2,0.0,-0.75,-1.0,0.0,0.04796639682004185,0.06005444967210335,-0.012749769298857056,-1.0543951316545304,0.8339552238805971,-0.38341463414634147
0.44521019986216404,0.5,0.0,0.0,0.0,0.75,-1.0,0.0,0.6982013600525729,0.5693890868550274,-0.46983935667338356,-2.0067376215664097e-05,2.396144278606965,0.5282926829268293
-0.5058580289455548,0.5,-1.0,0.2,0.0,0.25,0.0,0.0,0.5356410203112485,0.5020860959280701,-0.7444820053108344,0.6114930880431049,0.1958955223880597,0.23317073170731709
0.6740179186767746,0.5,0.0,0.6,0.0,0.5,0.0,0.0,0.38374236709267595,0.3460008409068859,0.17949961392869904,-0.761155579859378,0.806592039800995,1.4204878048780487
0.6960716747070985,0.5,0.0,0.6,0.0,0.75,-1.0,0.0,0.43704120610728536,0.4084220058863483,0.0578730296239099,1.0420988468783943,2.2157960199004973,1.0560975609756098
0.8725017229496899,1.5,0.0,1.0,0.0,-0.75,-1.0,0.0,-0.8554308565325217,-0.9343845303573092,-0.7817567185822708,-0.29321446757488273,-0.5242537313432836,-0.7819512195121952
0.3294279807029635,-0.5,0.0,-0.2,0.0,0.75,-1.0,0.0,0.16255874080813276,0.15854329053332905,-0.72486299177009,-0.5678064100216477,2.3526119402985075,0.531219512195122
0.33769813921433495,-0.5,0.0,-0.2,0.0,-0.25,0.0,1.0,0.3144573940267053,0.2787320950567233,0.7542891579879094,-0.3243991702139935,-0.13121890547263682,0.37658536585365854
0.9028256374913852,1.5,0.0,1.2,0.0,0.25,0.0,0.0,-0.8234521926970327,-0.9320216200584829,-0.5914659409781727,-0.0498573962077676,-0.48569651741293535,0.6424390243902439
0.6354238456237078,0.5,0.0,0.4,0.0,0.5,0.0,0.0,0.8021320175179123,0.708682839221267,-0.22069624663364656,-0.1122769699265284,0.8737562189054726,1.0726829268292684
0.6905582356995176,0.5,0.0,0.6,0.0,0.25,0.0,0.0,0.1065960790960272,0.11050505780759216,-0.07552872935460178,-0.6176337051650919,0.2593283582089552,1.4941463414634146
-0.8559614059269469,-1.5,-1.0,-0.6,0.0,0.0,0.0,1.0,-0.6955375373550767,-0.8239441576947736,0.6640520537109926,0.40563190913492075,-0.6710199004975125,-0.984390243902439
0.31840110268780153,-0.5,0.0,-0.2,0.0,-0.25,0.0,1.0,0.2185214025202387,0.20669186850651533,0.2422738657978493,1.1669781290683472,0.009328358208955223,0.6204878048780488
-0.5775327360441075,-0.5,-1.0,0.0,0.0,0.75,-1.0,0.0,0.5862760366283618,0.5357604214427452,0.16969246125162438,-0.6051818982232847,1.3389303482587065,-0.1980487804878049
0.18332184700206755,-1.5,0.0,-0.6,0.0,-0.25,0.0,0.0,0.15189705428538092,0.13463261691364362,0.8170681180436541,-0.5864891372784122,0.3986318407960199,0.6458536585365854
0.3349414197105445,-0.5,0.0,-0.2,0.0,-0.5,0.0,1.0,0.19187038407974197,0.17788414890520415,0.7307482250136537,0.330800663226784,-0.4832089552238806,-0.5936585365853658
-0.5940730530668504,-0.5,-1.0,0.0,0.0,-0.75,-1.0,0.0,0.5729505274081135,0.5333670710756571,0.5345769223525868,-0.1621042650699725,0.9160447761194029,-0.35365853658536583
-0.18883528600964852,1.5,-1.0,1.0,0.0,-0.75,-1.0,0.0,-0.5276495522187598,-0.5357147613403521,0.4717979622968415,-0.8796413959870265,0.27549751243781095,-0.4980487804878049
-0.5086147484493453,0.5,-1.0,0.2,0.0,0.0,0.0,0.0,0.7461693558058065,0.7086980592553979,-0.012749769298857056,-0.3370315835417413,0.021766169154228857,-0.06048780487804878
0.3955892487939352,-0.5,0.0,0.0,0.0,-0.25,0.0,1.0,0.08793972661440291,0.08653350405138298,-0.09906966232885743,0.29952565739470294,0.29539800995024873,1.1292682926829267
-0.03445899379738112,-1.5,0.0,-1.0,0.0,-0.75,-1.0,0.0,-0.4583613812864058,-0.4852489331707326,0.27366334582572166,0.12485921481373725,-0.05534825870646766,-1.0292682926829269
0.015161957270847692,-1.5,0.0,-1.0,0.0,0.25,0.0,0.0,-1.0339773303252071,-1.1913938317006671,-0.644433040170248,0.40571217863978315,-0.7468905472636815,-0.27121951219512197
0.7732598208132323,1.5,0.0,0.8,0.0,0.75,-1.0,0.0,-0.09327056987577885,-0.11532219861003037,-0.2893557317463606,-0.6239549286730197,2.5814676616915424,0.7639024390243903
0.4148862853204686,-0.5,0.0,0.0,0.0,-0.25,0.0,1.0,0.44769969476365395,0.36042943326300425,0.9367313885383903,0.3494031209786859,-0.31529850746268656,0.37902439024390244
-0.6216402481047554,-0.5,-1.0,0.0,0.0,0.25,0.0,0.0,0.6449025210379635,0.5357147613403523,-1.5507589596790898,1.1294320681688774,0.006840796019900498,0.25073170731707317
0.5609924190213645,0.5,0.0,0.4,0.0,0.75,-1.0,0.0,0.8954009884604992,0.944087302115775,-0.09906966232885743,0.7799687450615446,2.008084577114428,0.37121951219512195
0.7181254307374225,1.5,0.0,0.6,0.0,-0.75,-1.0,0.0,0.04263875142504921,0.0552220888355342,-0.24031526017439134,-0.44915804814665244,1.597636815920398,0.5639024390243902
-0.7346657477601654,-0.5,-1.0,-0.4,0.0,0.5,0.0,1.0,-0.5649558614492411,-0.689452326096841,0.4482570293225859,0.39932071931510055,-0.6884328358208955,-1.0790243902439025
-0.41764300482425915,0.5,-1.0,0.4,0.0,-0.5,0.0,0.0,0.48767302455801503,0.43003064934373125,0.3658637639126913,0.29329473707974535,0.05534825870646766,-0.07560975609756097
0.3680220537560303,-0.5,0.0,-0.2,0.0,0.75,-1.0,0.0,0.5729505274081135,0.5309737207085689,0.46199080961976685,0.19333913614962248,2.642412935323383,-0.018048780487804877
0.5665058580289456,0.5,0.0,0.4,0.0,-0.5,0.0,1.0,0.7648225104210471,0.7880020470945908,0.09318442908529365,-0.505386836302887,0.625,1.0058536585365854
-0.7567195037904894,-0.5,-1.0,-0.4,0.0,0.25,0.0,0.0,-0.14656940889038828,-0.15375278479061988,-0.44237179607902205,-0.6925552542661988,-0.2506218905472637,-0.47804878048780486
0.11991729841488628,-1.5,0.0,-0.8,0.0,-0.75,-1.0,0.0,-0.7488331785033028,-0.8935758138437624,-1.0563993672197218,0.2559192488781083,-0.26803482587064675,-0.4117073170731707
0.11440385940730531,-1.5,0.0,-0.8,0.0,0.5,0.0,1.0,-0.33844139190332223,-0.35074188153866936,0.48553174259402254,0.5803886549088566,-0.6026119402985075,-0.2326829268292683
0.5306685044796692,0.5,0.0,0.2,0.0,-0.25,0.0,0.0,0.7594916671596711,0.7735582347043414,0.09710634851880451,0.31837895734930044,0.5093283582089553,1.333658536585366
0.6243969676085458,0.5,0.0,0.4,0.0,-0.5,0.0,0.0,0.6075930139410985,0.5766033830330867,0.4521836569426917,-0.5116177566178446,0.3215174129353234,1.078048780487805
-0.8366643694004136,-1.5,-1.0,-0.6,0.0,0.0,0.0,1.0,-0.4736567761989201,-0.5183182623287033,0.6692545998983032,0.23472809959438817,-0.5093283582089553,-0.9009756097560976
-0.7236388697450035,-0.5,-1.0,-0.4,0.0,-0.25,0.0,0.0,0.3784147216976833,0.3460008409068859,0.4462984236991279,1.472714639401792,-0.06529850746268656,0.001951219512195122
0.08132322536181943,-1.5,0.0,-0.8,0.0,-0.75,-1.0,0.0,-1.2338439792970133,-1.5276804858234891,-0.7994124183129625,2.3026210501759663,-0.8177860696517413,-1.1034146341463416
0.9000689179875948,1.5,0.0,1.2,0.0,0.0,0.0,0.0,-0.2398415776993591,-0.28590073113238945,-0.7032853726058872,1.447841126582501,-0.4968905472636816,0.8195121951219512
-0.7126119917298415,-0.5,-1.0,-0.4,0.0,0.75,-1.0,0.0,-0.13058007697264395,-0.148886178877256,-0.6169701877624812,0.5553847041441643,1.5354477611940298,-0.18097560975609756
-0.8945554789800138,-1.5,-1.0,-0.8,0.0,0.0,0.0,0.0,-0.9324802491777487,-0.9795347616067028,-0.9949904894630783,-0.8589840389106426,-0.7356965174129353,-0.9463414634146341
-0.6243969676085458,-0.5,-1.0,0.0,0.0,0.0,0.0,1.0,0.8021320175179123,0.8287955435740065,0.20107723309290176,0.27461200982298073,-0.27052238805970147,-0.12536585365853659
0.07029634734665748,-1.5,0.0,-0.8,0.0,0.0,0.0,1.0,-0.8207851721331529,-0.9007558649450269,0.41687225748130846,-0.46156972033602817,-0.7730099502487562,-0.5
0.8532046864231564,1.5,0.0,1.0,0.0,-0.75,-1.0,0.0,-0.5463027068340004,-0.6293636313479432,0.27562665963577454,0.48050328979548856,0.23818407960199006,0.014146341463414635
-0.47002067539627845,0.5,-1.0,0.2,0.0,0.0,0.0,0.0,0.8367745040508975,0.713503785032238,-1.089747452871052,0.03752599352325427,0.030472636815920398,0.08926829268292683
0.37077877325982084,-0.5,0.0,-0.2,0.0,-0.75,-1.0,0.0,0.564955861449241,0.5261375548634668,0.29524096498992436,0.3556741760460748,3.1747512437810945,-0.2
0.698828394210889,1.5,0.0,0.6,0.0,-0.75,-1.0,0.0,0.05063341738392164,0.06005444967210335,-0.7876419518258346,0.4368166117740316,2.1436567164179103,0.8463414634146341
0.6547208821502413,0.5,0.0,0.6,0.0,0.5,0.0,0.0,0.6075930139410985,0.5861767845014393,0.4796465093504582,-0.08104209884687842,0.39116915422885573,1.3370731707317074
0.833907649896623,1.5,0.0,1.0,0.0,-0.75,-1.0,0.0,-0.29580423941146466,-0.30986847988006605,0.11672536205954878,-0.523989294054789,1.939676616915423,0.4117073170731707
-1.0186078566505858,-1.5,-1.0,-1.0,0.0,-0.75,-1.0,0.0,-1.199201492764028,-1.472443176953824,-0.9426166217819543,1.828408882824082,-0.8414179104477612,-1.4390243902439024
0.6381805651274983,0.5,0.0,0.6,0.0,0.75,-1.0,1.0,0.7674863331185435,0.759114422314092,0.01863500254242084,-0.6676014719420456,2.0167910447761193,0.03414634146341464
0.3542384562370779,-0.5,0.0,-0.2,0.0,-0.5,0.0,1.0,0.2718170436684645,0.23787771844078376,0.832760503964293,0.5366116736944292,-0.125,0.005365853658536586
0.5885596140592695,0.5,0.0,0.4,0.0,-0.25,0.0,0.0,0.6822120281348284,0.660659826529661,0.24620049341795514,-0.10600591485913949,0.4944029850746269,0.9453658536585365
-0.9414197105444521,-1.5,-1.0,-0.8,0.0,-0.75,-1.0,0.0,-0.7275162011905658,-0.8046793994935532,-0.3109380590971583,-0.3805075541129341,-0.46828358208955223,-1.1946341463414634
0.20537560303239144,-0.5,0.0,-0.6,0.0,0.0,0.0,0.0,-0.09327056987577885,-0.12252127475395864,-0.7209410723365788,1.123251316294459,-0.07027363184079602,0.6370731707317073
-0.6574776016540317,-0.5,-1.0,-0.2,0.0,0.5,0.0,0.0,0.07461741526053821,0.09851928092948757,0.40117516337407455,-0.5489430763789422,0.22201492537313433,0.14146341463414633
-0.34321157822191595,0.5,-1.0,0.6,0.0,-0.75,-1.0,0.0,0.44769969476365395,0.40363150014363913,0.373712310966308,-0.6488685762447417,1.1225124378109452,-0.14878048780487804
-0.20537560303239144,1.5,-1.0,0.8,0.0,-0.5,0.0,0.0,-0.5542973727928726,-0.5596672900538977,0.3246671312077438,-0.7362017975352246,-0.4583333333333333,-0.2004878048780488
0.4810475534114404,0.5,0.0,0.2,0.0,0.5,0.0,0.0,1.0073263118847107,0.9489044429182132,-0.8641499839921657,-0.3369412803487711,0.7904228855721394,0.5478048780487805
0.4093728463128877,-0.5,0.0,0.0,0.0,-0.75,-1.0,0.0,0.6822120281348284,0.6101978033685741,-0.45218365694269225,-0.46156972033602817,1.8575870646766168,0.32
0.43142660234321156,-0.5,0.0,0.0,0.0,-0.5,0.0,1.0,0.17588105216199748,0.15863841574664753,0.6758225201981202,-0.04993766571262998,-0.09639303482587065,0.3551219512195122
-0.31840110268780153,0.5,-1.0,0.6,0.0,-0.25,0.0,1.0,0.15456407484926069,0.11060018302091065,1.1623335656038716,-0.4491981828990838,-0.36380597014925375,-0.25121951219512195
-0.22191592005513439,1.5,-1.0,0.8,0.0,-0.25,0.0,0.0,-0.13324389967014008,-0.15134421438940077,-0.05394640200380406,-0.13109013512869455,-0.04415422885572139,0.13365853658536586
0.10062026188835287,-1.5,0.0,-0.8,0.0,-0.75,-1.0,1.0,-0.7461693558058065,-0.903164435346246,-0.5581178553268424,0.7363623365449499,-0.13992537313432835,-0.8034146341463415
-0.6271536871123363,-0.5,-1.0,-0.2,0.0,-0.25,0.0,0.0,0.8367745040508975,0.8455984612545493,0.010791163675398598,-0.6862440644463788,-0.07151741293532338,-0.19951219512195123
0.5554789800137836,0.5,0.0,0.4,0.0,0.25,0.0,0.0,0.7648225104210471,0.7759858301482243,0.11868396768300724,-0.505386836302887,0.31405472636815923,1.248780487804878
0.7456926257753274,1.5,0.0,0.8,0.0,0.0,0.0,0.0,0.0026654216306881413,-3.0440068261883515e-05,-0.016676396918962902,0.08125280629714261,0.061567164179104475,1.5575609756097561
0.30461750516884906,-0.5,0.0,-0.2,0.0,0.25,0.0,1.0,0.14923323158788476,0.12972035089788692,0.6306992598730673,-0.46182056253872367,0.041666666666666664,0.9458536585365853
-0.6354238456237078,-0.5,-1.0,-0.2,0.0,0.75,-1.0,0.0,0.455694360722526,0.4156172770217437,0.4482570293225859,0.505386836302887,1.580223880597015,-0.468780487804878
-0.6381805651274983,-0.5,-1.0,-0.2,0.0,0.5,0.0,0.0,0.5383080408751283,0.5093308321743912,0.09122111527524072,0.6116134923003989,0.17475124378109452,0.04390243902439024
0.4341833218470021,-0.5,0.0,0.0,0.0,-0.25,0.0,0.0,0.559625018187865,0.5766186030672176,0.26189287933859356,-0.3181281151466046,0.29539800995024873,1.0434146341463415
0.822880771881461,1.5,0.0,1.0,0.0,0.0,0.0,1.0,-0.6955375373550767,-0.8695547949766276,-0.40902371042769176,1.2480402952914411,-0.5031094527363185,0.48341463414634145
0.47002067539627845,0.5,0.0,0.2,0.0,-0.5,0.0,0.0,0.8580946792300179,0.7567705370579295,-0.8818056837228573,0.15596364794798542,0.21579601990049752,0.7829268292682927
-0.08132322536181943,1.5,-1.0,1.2,0.0,0.25,0.0,1.0,-0.29047339615008877,-0.3459247407362309,-0.0009793028117289684,0.8861652999947326,-0.6834577114427861,-0.09268292682926829
0.23569951757408683,-0.5,0.0,-0.4,0.0,-0.75,-1.0,0.0,-0.04263875142504921,-0.04080871651354672,-1.6880826380911127,0.5305111913248733,1.8650497512437811,-0.38
-0.1447277739490007,1.5,-1.0,1.0,0.0,-0.25,0.0,2.0,-0.3091265507653294,-0.3099331650251224,1.544873726435526,-0.6113626500977032,-0.8227611940298507,-1.0634146341463415
-0.5279117849758787,0.5,-1.0,0.2,0.0,0.0,0.0,0.0,0.660891852955708,0.694349372078467,0.512994595001789,-0.29940525313740896,0.06654228855721393,0.06195121951219512
-0.7015851137146796,-0.5,-1.0,-0.2,0.0,0.0,0.0,1.0,-0.3171212167242016,-0.3747933404740659,0.4835684287839696,1.4977587249189157,-0.5914179104477612,-0.6536585365853659
0.6712611991729841,0.5,0.0,0.6,0.0,0.25,0.0,0.0,0.3171212167242018,0.2907330919689588,0.012749769298856534,-0.9732898205725725,0.402363184079602,1.4790243902439024
-0.6464507236388698,-0.5,-1.0,-0.2,0.0,-0.25,0.0,1.0,0.4690198699427744,0.38682858246309637,0.5012241285146609,0.27461200982298073,-0.08893034825870647,0.05609756097560976
0.8780151619572708,1.5,0.0,1.0,0.0,-0.25,0.0,1.0,-0.7088598487089415,-0.8431594507850684,0.7170191529030677,0.5803384864683175,-0.7555970149253731,0.0575609756097561
-0.49758787043418334,0.5,-1.0,0.2,0.0,-0.75,-1.0,0.0,0.6582280302582119,0.6342302372613071,-0.1422249006572629,0.6553001703218558,1.5864427860696517,-0.20585365853658535
-0.2715368711233632,1.5,-1.0,0.8,0.0,0.5,0.0,0.0,-0.00799626489206407,0.0047714807000453835,0.23443002693082704,-1.5786131937981778,0.27176616915422885,0.1551219512195122
-0.23294279807029636,1.5,-1.0,0.8,0.0,0.5,0.0,0.0,-0.2744840642323442,-0.3027036488129325,-0.2834704985027968,0.41813388451726696,-0.06778606965174129,-0.04390243902439024
0.06202618883528601,-1.5,0.0,-0.8,0.0,-0.75,-1.0,1.0,-0.7914735288615438,-0.907985381157217,0.2520857266615189,-0.03739555557785245,-0.5130597014925373,-0.531219512195122
-0.70434183321847,-0.5,-1.0,-0.2,0.0,-0.25,0.0,1.0,0.3304467259444498,0.30032551847997524,0.29524096498992436,1.6349292750409503,-0.15858208955223882,0.06341463414634146
-0.5361819434872501,0.5,-1.0,0.2,0.0,-0.75,-1.0,1.0,0.6502333642993398,0.6294435365271308,0.22658147987721033,0.4930052651778348,1.929726368159204,-0.6590243902439025
-0.48380427291523087,0.5,-1.0,0.2,0.0,0.5,0.0,0.0,1.0712836395556886,1.2851264118959784,-0.25404433228497736,-0.46780064065098576,-0.2095771144278607,-0.435609756097561
0.1667815299793246,-1.5,0.0,-0.6,0.0,0.0,0.0,0.0,0.18920656138224584,0.17300232295770934,-0.5993144880317899,-0.6487883067398792,0.3314676616915423,0.7790243902439025
-0.36250861474844936,0.5,-1.0,0.6,0.0,-0.75,-1.0,0.0,0.6262493664227229,0.6174729796831571,0.5071093617582253,0.2683409547555921,2.226990049751244,-0.6336585365853659
0.10337698139214335,-1.5,0.0,-0.8,1.0,-0.5,-1.0,0.0,-0.7461693558058065,-0.8742349554718875,-0.5958163053918153,0.4952628450020948,-0.2842039800995025,-0.5321951219512195
0.7429359062715368,1.5,0.0,0.8,0.0,-0.25,0.0,1.0,-0.21319055925886257,-0.24747014495179998,0.5993144880317894,0.10612631911643347,-0.16106965174129353,1.011219512195122
-0.6850447966919366,-0.5,-1.0,-0.2,0.0,-0.25,0.0,0.0,0.06129190604028985,0.07446782199409083,-0.6836663590651424,-0.6426777906822156,-0.04539800995024876,0.19073170731707317
0.06753962784286699,-1.5,0.0,-0.8,0.0,-0.25,0.0,0.0,-0.5089931997371354,-0.5404862420403977,-0.6503182734138119,-0.3245296081593951,-0.6610696517412935,0.22341463414634147
0.5444521019986216,0.5,0.0,0.2,0.0,-0.75,-1.0,0.0,0.666222696217084,0.627000721049117,-0.0500244825702932,-0.09358420898165595,1.769278606965174,0.3541463414634146
0.5223983459682977,0.5,0.0,0.2,0.0,0.75,-1.0,2.0,0.26382237770959205,0.17792980900759656,1.0877888472475938,0.3369011455963397,0.6635572139303483,-0.2551219512195122
-0.43694004135079256,0.5,-1.0,0.4,0.0,-0.5,0.0,0.0,0.8047958402154085,0.7615077726811802,-0.19911862746944384,0.12493948431859991,0.14365671641791045,-0.11609756097560976
0.9276361130254996,1.5,0.0,1.2,0.0,0.75,-1.0,0.0,-0.6049291912436024,-0.6269398409125931,0.07552872935460178,-0.7362017975352246,0.04539800995024876,0.27414634146341466
0.569262577532736,0.5,0.0,0.4,0.0,-0.25,0.0,1.0,0.7115236714064376,0.7399638143688538,0.32663044501779676,-0.6302661184928398,0.6809701492537313,1.1107317073170733
0.7953135768435562,1.5,0.0,0.8,0.0,-0.75,-1.0,1.0,-0.11459074505489945,-0.13461739687951246,0.28347049850279626,2.190203608615928,0.3327114427860697,-0.12536585365853659
0.8642315644383184,1.5,0.0,1.0,1.0,0.25,-1.0,0.0,-0.5542973727928726,-0.5813253986222063,-0.25404433228497736,-1.2727954105910597,0.27922885572139305,-1.0965853658536586
0.02343211578221916,-1.5,0.0,-1.0,0.0,-0.75,-1.0,1.0,-1.121918655872802,-1.297127408808214,0.7621377050415261,0.19982089866727556,-0.6648009950248757,-0.9448780487804878
0.9083390764989663,1.5,0.0,1.2,0.0,0.75,-1.0,1.0,-0.4210518741895409,-0.4324087796766882,1.3035791634494056,-0.7860792611192079,0.525497512437811,0.3468292682926829
0.36250861474844936,-0.5,0.0,-0.2,0.0,0.25,0.0,0.0,0.45303053802502985,0.39400863356436083,0.38744609126348906,-0.06849998871210089,0.4085820895522388,0.9721951219512195
-0.30461750516884906,1.5,-1.0,0.6,0.0,-0.75,-1.0,1.0,0.38640938765655575,0.26439862791392293,0.9916618015405183,-1.297795347880509,1.01181592039801,-0.12292682926829268
0.17505168849069608,-1.5,0.0,-0.6,0.0,0.75,-1.0,1.0,0.0026654216306881413,0.007214296178059212,0.5718469274374279,-0.6925151195137675,3.015547263681592,0.4697560975609756
0.326671261199173,-0.5,0.0,-0.2,0.0,0.5,0.0,0.0,0.06395572873778599,0.0672839658842935,-1.289845383152225,0.5740674314009289,0.7319651741293532,0.9721951219512195
-0.7319090282563749,-0.5,-1.0,-0.4,0.0,0.75,-1.0,1.0,-0.170553406767005,-0.2017757974822258,1.193723045631744,0.5117381608751386,0.9098258706467661,-0.5580487804878049
-0.4011026878015162,0.5,-1.0,0.4,0.0,-0.75,-1.0,0.0,0.6315770118177155,0.6558883458296156,0.638547806926684,0.6926355237710615,0.6449004975124378,-0.5336585365853659
0.709855272226051,1.5,0.0,0.6,0.0,0.25,0.0,1.0,0.43704120610728536,0.3988600194435938,0.26581479877210495,-0.45533880002107086,0.025497512437810944,1.426341463414634
-0.012405237767057202,-1.5,0.0,-1.0,0.0,-0.5,0.0,1.0,-0.9247158295984921,-0.9728303365720296,0.3168232923407221,-0.8109527739384986,-0.7767412935323383,-0.7063414634146341
-0.3983459682977257,0.5,-1.0,0.4,0.0,-0.5,0.0,0.0,0.5702867047106173,0.5140718728061747,-0.7739081715286541,0.9735386560376466,0.12748756218905472,0.10097560975609757
0.5472088215024121,0.5,0.0,0.2,0.0,-0.5,0.0,0.0,0.6955343394886931,0.6918913365663223,0.16184391419800717,-0.2619394617428014,0.3849502487562189,1.1448780487804877
-0.1667815299793246,1.5,-1.0,1.0,0.0,-0.5,0.0,0.0,0.05329724008141778,0.08166309312948626,-0.22265956044369947,1.2730041113037023,-0.1685323383084577,0.08439024390243903
0.08959338387319091,-1.5,0.0,-0.8,0.0,0.0,0.0,0.0,-0.5276495522187598,-0.5765386978880298,-0.48553174259402254,0.018833232578382098,-0.7332089552238806,0.15121951219512195
0.7567195037904894,1.5,0.0,0.8,0.0,-0.75,-1.0,0.0,0.02664941950730471,0.01923051312442569,0.028446863406090466,0.9922213832944115,1.6784825870646767,0.41024390243902437
-0.053756030323914544,-1.5,-1.0,1.2,0.0,-0.75,-1.0,0.0,-0.7628526247287811,-0.8492360494118406,0.2209504887097685,-0.24714980547187174,-0.5317164179104478,-1.593658536585366
-0.3294279807029635,0.5,-1.0,0.6,0.0,0.5,0.0,1.0,-0.14123856562901235,-0.15857373060159072,-0.20696246633646606,-0.1559235131955541,0.014303482587064677,0.14634146341463414
-0.26326671261199175,1.5,-1.0,0.8,1.0,-0.5,-1.0,0.0,0.18387571812086992,0.15134421438940077,0.4678760428633307,-1.378817379351172,0.974502487562189,-0.05609756097560976
-0.004135079255685734,-1.5,0.0,-1.0,0.0,0.25,0.0,1.0,-0.41838805149204455,-0.4612126942694668,0.7935271850693985,0.012481908006130537,-0.5740049751243781,0.05365853658536585
0.01791867677463818,-1.5,0.0,-1.0,0.0,0.5,0.0,1.0,-0.9460360047776124,-1.0737429678686052,-0.8680719034256765,0.23104573605881773,-0.7655472636815921,-0.32682926829268294
-0.4231564438318401,0.5,-1.0,0.4,0.0,0.75,-1.0,1.0,0.551630352228993,0.5430051576890663,0.4482570293225859,0.31837895734930044,0.9620646766169154,-0.5229268292682927
0.8697450034458993,1.5,0.0,1.0,0.0,0.75,-1.0,0.0,-0.7515001990671825,-0.9680246107951894,-1.0819036140040301,1.9781215430808947,-0.2468905472636816,-0.9624390243902439
0.6023432115782219,0.5,0.0,0.4,0.0,-0.75,-1.0,1.0,0.391737033051548,0.3820380767203872,0.3639051582892334,-0.9358721908808827,0.5939054726368159,-0.18390243902439024
0.2605099931082012,-0.5,0.0,-0.4,0.0,-0.25,0.0,0.0,0.30379570750395346,0.3627580984850358,-1.1485997853066912,0.9422235154531342,0.3215174129353234,0.9678048780487805
-0.08407994486560992,1.5,-1.0,1.2,0.0,0.0,0.0,1.0,-0.6262493664227229,-0.6270197460917805,0.1383029812237515,-1.191647958019049,-0.6871890547263682,-0.07609756097560975
0.35148173673328736,-0.5,0.0,-0.2,0.0,-0.75,-1.0,0.0,0.34376903729831454,0.30750937458977257,-0.4894536620275334,0.7489546151202666,2.4546019900497513,0.3448780487804878
0.9414197105444521,1.5,0.0,1.2,0.0,0.25,0.0,1.0,-0.5862760366283616,-0.6389864979272215,0.1579219947644963,-0.47419209997566836,-0.5180348258706468,0.04682926829268293
0.8173673328738801,1.5,0.0,1.0,0.0,-0.5,0.0,0.0,-0.6209185231613469,-0.7422620395226235,-0.6601254260908868,0.5679268142789418,-0.43843283582089554,0.5673170731707317
0.7705031013094418,1.5,0.0,0.8,0.0,0.5,0.0,1.0,0.159891720244253,0.13220882647829357,0.8504162036949844,-0.4491981828990838,0.027985074626865673,0.46487804878048783
0.6767746381805652,0.5,0.0,0.6,0.0,0.75,-1.0,0.0,0.30379570750395346,0.31473889080196277,-0.6248140266295035,0.6802639863341169,3.021766169154229,0.895609756097561
0.6574776016540317,0.5,0.0,0.6,0.0,0.75,-1.0,1.0,0.46635604724527785,0.4108305762875674,0.7758714853387065,1.017225334059104,1.0279850746268657,0.34195121951219515
0.49207443142660234,0.5,0.0,0.2,0.0,-0.25,0.0,1.0,0.6635556756532042,0.615064409281938,0.15595868095444337,-0.28080279538550673,0.27798507462686567,0.7892682926829269
0.5499655410062027,0.5,0.0,0.2,0.0,-0.25,0.0,0.0,0.6395716777765875,0.6078348930697478,0.32859375882784964,-0.14346167256563921,0.29539800995024873,1.2341463414634146
-0.8063404548587181,-0.5,-1.0,-0.6,0.0,-0.75,-1.0,1.0,-0.832374239907134,-0.9619480121684172,-0.6613213054859791,0.04592419046950134,-0.3215174129353234,-1.2180487804878048
-0.3735354927636113,0.5,-1.0,0.4,0.0,0.0,0.0,0.0,0.4583613812864058,0.4108305762875674,-0.17165106687508233,-0.9671441866065316,-0.05286069651741294,0.3180487804878049
-0.6023432115782219,-0.5,-1.0,0.0,0.0,0.25,0.0,1.0,0.9433689842137327,0.968104515974377,-0.3109380590971583,-0.29940525313740896,-0.20833333333333334,-0.17853658536585365
0.4038594073053067,-0.5,0.0,0.0,0.0,0.5,0.0,0.0,0.4343773834097892,0.3603799681520786,-0.7837153242057288,-0.043546206387947366,0.9421641791044776,1.2341463414634146
-0.9441764300482426,-1.5,-1.0,-0.8,0.0,0.75,-1.0,1.0,-0.8954041863268828,-0.9896522792952361,1.387935742669353,-0.18706808108223358,-0.7842039800995025,-1.3721951219512196
0.4479669193659545,0.5,0.0,0.0,0.0,-0.75,-1.0,0.0,0.7355076692830546,0.6510521799845137,-0.7307482250136537,-0.3431320659112973,2.2643034825870645,0.30341463414634146
-0.5720192970365265,-0.5,-1.0,0.0,0.0,-0.5,0.0,1.0,0.3890732103540519,0.35080656668372595,0.5267283752989695,-0.2432968692384681,-0.03917910447761194,-0.19853658536585367
0.6822880771881461,0.5,0.0,0.6,0.0,-0.5,0.0,1.0,0.2158543819563589,0.18986992578330875,0.4717979622968415,-0.28075262694496783,0.36256218905472637,1.0385365853658537
0.6602343211578222,0.5,0.0,0.6,0.0,-0.75,-1.0,0.0,0.3091265507653294,0.28832452156773974,-0.40902371042769176,0.4492383176515151,2.2879353233830844,0.9458536585365853
0.8669882839421089,1.5,0.0,1.0,0.0,0.5,0.0,0.0,-0.46369222454778175,-0.47323271622436613,-0.3089747452871054,-0.3180879803941733,1.0851990049751243,-0.6882926829268292
-0.7787732598208132,-0.5,-1.0,-0.4,0.0,0.0,0.0,0.0,-0.39174023091793164,-0.43963829588887837,-0.769986252095143,0.8362075669058866,-0.39490049751243783,-0.6453658536585366
0.5113714679531358,0.5,0.0,0.2,0.0,-0.25,0.0,0.0,0.9753476480492217,0.9608902197963178,-0.6051997212753537,-0.6551396313121305,0.23694029850746268,1.0473170731707317
-0.37904893177119225,0.5,-1.0,0.4,0.0,-0.5,0.0,0.0,0.3944040536154278,0.39879533429853714,-0.37567562477636096,-0.19965032596944243,-0.0018656716417910447,0.09121951219512195
0.5416953824948312,0.5,0.0,0.2,0.0,0.75,-1.0,0.0,0.7754809990774156,0.7398991292237973,-0.09906966232885743,-0.22448370403630197,1.8700248756218905,0.3575609756097561
0.22742935906271536,-0.5,0.0,-0.4,0.0,0.25,0.0,0.0,-0.2505000663557275,-0.27391114924575205,-1.2251078174730219,0.39940098881996317,0.5740049751243781,0.7546341463414634
0.48380427291523087,0.5,0.0,0.2,0.0,0.75,-1.0,0.0,1.1139239899139295,1.148210789862696,-0.6699372869545567,-0.16223470301537404,0.8924129353233831,-0.15902439024390244
0.7236388697450035,1.5,0.0,0.8,0.0,-0.25,0.0,2.0,0.2478330457918479,0.1490916493380235,1.1172150134654133,-0.7550149627373909,-0.5167910447761194,0.29560975609756096
-0.4727773949000689,0.5,-1.0,0.2,0.0,-0.25,0.0,0.0,0.826116015394529,0.73752099889084,-0.44041319045556415,0.20604178529412503,0.024253731343283583,0.05951219512195122
0.03997243280496209,-1.5,0.0,-1.0,0.0,0.75,-1.0,0.0,-0.631580209684099,-0.6726151633395038,-0.42864272396843656,0.31210790228191154,0.05534825870646766,-0.22926829268292684
0.053756030323914544,-1.5,0.0,-0.8,0.0,0.25,0.0,1.0,-0.36508921247743514,-0.39640198393144876,0.18146292773875194,0.07489144803678349,-0.6722636815920398,-0.07170731707317073
0.6629910406616126,0.5,0.0,0.6,0.0,-0.5,0.0,0.0,0.22384904791523097,0.23782825332985807,-0.6150068739524284,0.7925610236368612,0.48196517412935325,1.3117073170731708
-0.44245348035837356,0.5,-1.0,0.4,0.0,0.75,-1.0,1.0,0.6502333642993398,0.6582816961967038,0.5679250080039171,0.48690478280827904,0.9832089552238806,-0.4609756097560976
-1.0296347346657477,-1.5,-1.0,-1.0,0.0,0.0,0.0,0.0,-0.9157937823883907,-1.04211573694454,-0.9294807811823199,0.07201177954983877,-0.806592039800995,-1.0731707317073171
0.7539627842866988,1.5,0.0,0.8,0.0,0.75,-1.0,0.0,-0.3837455649590594,-0.4252249235668909,-0.6581668204674288,-0.3369412803487711,1.8924129353233832,0.555609756097561
0.6464507236388698,0.5,0.0,0.6,0.0,-0.25,0.0,0.0,0.6795450075709486,0.6991246577870452,0.5679250080039171,0.5678866795265105,0.16977611940298507,1.1117073170731708
0.46450723638869745,0.5,0.0,0.0,0.0,0.75,-1.0,0.0,0.8047958402154085,0.7014837630773387,-0.1559586809544439,-0.18714835058709622,0.9011194029850746,0.25073170731707317
-0.7705031013094418,-0.5,-1.0,-0.4,0.0,0.75,-1.0,1.0,-0.5463027068340004,-0.6149692840686193,1.1446778658731798,-0.46797121334881864,0.18470149253731344,-1.0448780487804878
0.5389386629910407,0.5,0.0,0.2,0.0,0.5,0.0,0.0,0.8580946792300179,0.8792119066327007,-0.18734816098231627,-0.2682105168101903,0.6573383084577115,0.94
0.07856650585802895,-1.5,0.0,-0.8,0.0,0.75,-1.0,2.0,-0.9247158295984921,-1.1121393089724,0.4561055763762026,1.1044381510922927,-0.6697761194029851,-0.8492682926829268
0.34321157822191595,-0.5,0.0,-0.2,0.0,0.25,0.0,0.0,0.25582771175071994,0.2643073077091377,-0.5384988417860976,0.49919605074036105,0.6361940298507462,1.1824390243902438
-0.9110957960027567,-1.5,-1.0,-0.8,0.0,0.25,0.0,0.0,-0.24783624365823118,-0.2834426956202449,-0.6091216407088645,0.505507240560181,-0.5864427860696517,-0.7326829268292683
-0.9524465885596141,-1.5,-1.0,-0.8,0.0,0.0,0.0,1.0,-0.8101266834767844,-0.9464311873719375,0.6640520537109926,0.848699508600125,-0.8190298507462687,-1.1043902439024391
-0.48931771192281187,0.5,-1.0,0.2,0.0,0.0,0.0,0.0,0.815454328871777,0.9272805794266994,0.3423228309384357,-0.6612802484341176,-0.10758706467661691,-0.014634146341463415
-0.6712611991729841,-0.5,-1.0,-0.2,0.0,-0.75,-1.0,1.0,0.15722789754675684,0.12499453030023436,1.0956326861146162,-0.26834095475559183,1.0590796019900497,-0.364390243902439
-0.9662301860785665,-1.5,-1.0,-1.0,0.0,0.5,0.0,1.0,-0.9908764872077352,-1.0647669527398913,0.7470385506318387,-0.5661307841076414,-0.861318407960199,-1.2629268292682927
0.7291523087525844,1.5,0.0,0.8,0.0,0.25,0.0,1.0,0.46102520398390195,0.3988600194435938,0.41687225748130846,-0.6238646254800493,0.19962686567164178,1.3263414634146342
-0.4066161268090972,0.5,-1.0,0.4,0.0,0.5,0.0,1.0,0.5489665295314968,0.49492126486093657,0.41687225748130846,-0.40551150487762677,0.08271144278606965,-0.17658536585365853
0.3073742246726396,-0.5,0.0,-0.2,0.0,0.5,0.0,0.0,0.365089212477435,0.3339541838922575,0.4757245899169474,-0.16841545488979245,0.4210199004975124,0.7360975609756097
0.0013783597518952446,-1.5,0.0,-1.0,0.0,0.75,-1.0,0.0,-1.0659559941606962,-1.217842446011685,-0.832760503964293,0.07485131328435217,-0.4944029850746269,-0.76
-0.2467263955892488,1.5,-1.0,0.8,0.0,-0.75,-1.0,0.0,-0.005329244328184285,1.5220034130941757e-05,-0.6954368255522703,1.0233759848691986,1.265547263681592,-0.2073170731707317
0.11164713990351481,-1.5,0.0,-0.8,0.0,0.25,0.0,0.0,-0.18920656138224584,-0.22336922090547778,-0.37567562477636096,0.1122769699265284,-0.2667910447761194,0.40390243902439027
0.037215713301171606,-1.5,0.0,-1.0,0.0,0.5,0.0,1.0,-0.2824787301912165,-0.3339541838922573,0.5031874423247139,1.6349292750409503,-0.5740049751243781,-0.25902439024390245
0.5913163335630599,0.5,0.0,0.4,0.0,0.0,0.0,0.0,0.6182547004638508,0.5741263224782781,-0.069643496111038,-0.09985526404904457,0.5814676616915423,1.1858536585365853
0.33218470020675395,-0.5,0.0,-0.2,0.0,-0.75,-1.0,0.0,0.3171212167242018,0.31234554043487456,-0.27366334582572166,0.4554692379664727,1.7929104477611941,0.11121951219512195
-0.6602343211578222,-0.5,-1.0,-0.2,0.0,0.25,0.0,1.0,0.055961062778913925,0.028887624780498732,0.9190756888076984,-0.7175090365903521,0.005597014925373134,0.05951219512195122
-0.8697450034458993,-1.5,-1.0,-0.6,0.0,0.5,0.0,1.0,-0.8047958402154085,-0.9416292666036302,-0.11279873443944345,0.23702581417107949,-0.6424129353233831,-0.9697560975609756
0.25775327360441075,-0.5,0.0,-0.4,1.0,-0.5,-1.0,0.0,0.4823453791630224,0.42530482874607867,-0.3423228309384357,1.0546008222607406,0.5814676616915423,0.7092682926829268
-0.687801516195727,-0.5,-1.0,-0.2,0.0,-0.5,0.0,0.0,0.06129190604028985,0.08407546853923821,-0.21481101339008277,-0.0373554208254214,-0.08271144278606965,-0.00975609756097561
0.9166092350103378,1.5,0.0,1.2,0.0,-0.25,0.0,1.0,-0.5116602203010152,-0.6270159410832477,-0.17753630011864663,1.1670583985732097,-0.5578358208955224,0.7321951219512195
0.3928325292901447,-0.5,0.0,0.0,0.0,-0.5,0.0,0.0,0.26915322097096833,0.2858817060897259,-0.6934782199288123,1.054640957013172,0.42350746268656714,1.0775609756097562
-0.8642315644383184,-1.5,-1.0,-0.6,0.0,-0.75,-1.0,1.0,-0.43750489673289983,-0.5208980581138951,1.4778338575114407,1.6411501616678001,-0.7667910447761194,-1.5741463414634147
-1.002067539627843,-1.5,-1.0,-1.0,0.0,0.75,-1.0,1.0,-0.8954041863268828,-0.9704217661708104,-0.638547806926684,-0.21833305322620705,-0.6324626865671642,-1.3131707317073171
-0.6106133700895934,-0.5,-1.0,0.0,0.0,-0.5,0.0,0.0,0.5276463543523761,0.45168495290350696,-0.16184391419800767,-0.5802180822110236,-0.07151741293532338,0.07658536585365854
-0.9303928325292902,-1.5,-1.0,-0.8,0.0,0.25,0.0,0.0,-1.1799663264669813,-1.3454586271909712,-0.9274374282001545,0.42354204240738286,-0.8501243781094527,-1.0863414634146342
0.315644383184011,-0.5,0.0,-0.2,0.0,-0.5,0.0,1.0,0.07728123795803435,0.09128976471729743,0.14026629503380442,0.5116980261227072,0.3451492537313433,0.7546341463414634
0.004135079255685734,-1.5,0.0,-1.0,0.0,-0.75,-1.0,0.0,-1.1085931466525536,-1.2995055391411712,-1.0132394207047213,0.7177598787930477,-0.5553482587064676,-0.8248780487804878
-0.5251550654720882,0.5,-1.0,0.2,0.0,0.25,0.0,0.0,0.756827844462175,0.6990599726419886,0.07945064878811263,-0.20592138103683105,0.029228855721393034,0.05853658536585366
-0.44521019986216404,0.5,-1.0,0.4,0.0,0.5,0.0,0.0,0.6315770118177155,0.5837529940660893,-0.016676396918962902,0.04989753096019893,0.36380597014925375,0.06097560975609756
-0.8973121984838043,-1.5,-1.0,-0.8,0.0,-0.25,0.0,0.0,-1.0588503350564504,-1.2066328908742576,-0.26646923670878925,0.16013766220083936,-0.8165422885572139,-1.1424390243902438
-0.11164713990351481,1.5,-1.0,1.2,0.0,-0.75,-1.0,0.0,-0.5836122139308655,-0.5861615644673082,0.6660106593344505,-0.9608731315391428,-0.12002487562189054,-0.42292682926829267
-0.22742935906271536,1.5,-1.0,0.8,0.0,-0.75,-1.0,0.0,-0.29313721884758487,-0.3075093745897724,0.5031874423247139,-0.8048071399724576,1.1050995024875623,-0.46634146341463417
-0.3487250172294969,0.5,-1.0,0.6,0.0,0.5,0.0,1.0,0.43704120610728536,0.28840442674692685,1.2408049115802553,-0.5553044346393015,-0.38992537313432835,-0.28829268292682925
0.23018607856650586,-0.5,0.0,-0.4,0.0,0.5,0.0,0.0,-0.3517669011235704,-0.4276182739339793,-1.211378745362436,1.2107149755303432,1.3389303482587065,0.4560975609756098
0.2136457615437629,-0.5,0.0,-0.6,0.0,0.75,-1.0,1.0,-0.28514255288871265,-0.3098875049227296,0.4894536620275334,0.7113282847159337,1.953358208955224,0.10536585365853658
0.9662301860785665,-1.5,0.0,1.2,0.0,0.75,-1.0,1.0,-0.831446858655905,-0.9921559749097736,0.5581178553268419,-0.5552642998868703,-0.710820895522388,-1.2370731707317073
-0.2991040661612681,1.5,-1.0,0.6,0.0,-0.25,0.0,1.0,0.3944040536154278,0.27158248402372026,1.1819525791446164,-0.6175935704126606,-0.31529850746268656,-0.036585365853658534
-0.48656099241902134,0.5,-1.0,0.2,0.0,0.25,0.0,1.0,0.964689159392853,1.2298586629580515,0.26777811258215783,0.4244049395846556,-0.12251243781094527,-0.2760975609756098
-0.596829772570641,-0.5,-1.0,0.0,0.0,0.75,-1.0,0.0,0.6768811848734525,0.6654503322723702,0.09514303470875159,-0.24956792430585703,1.2419154228855722,-0.2346341463414634
0.48931771192281187,0.5,0.0,0.2,0.0,-0.5,0.0,1.0,0.6315770118177155,0.5741910076233346,0.2305033993107212,0.012562177510993193,0.3327114427860697,0.9039024390243903
0.0647829083390765,-1.5,0.0,-0.8,0.0,-0.5,0.0,0.0,-0.7378261224111274,-0.7865865839204143,-0.057444584643778676,-0.2601032968190701,-0.652363184079602,-0.06829268292682927
0.2715368711233632,-0.5,0.0,-0.4,0.0,0.75,-1.0,0.0,0.1812118954233734,0.15132899435526984,0.22854479368726327,1.0421389816308255,2.251865671641791,0.17804878048780487
-0.7512060647829083,-0.5,-1.0,-0.4,0.0,0.75,-1.0,2.0,-0.2638255755759757,-0.29548935263487325,1.1956816512552024,1.6162766488485092,-0.7580845771144279,-1.4848780487804878
0.5168849069607168,0.5,0.0,0.2,0.0,0.25,0.0,0.0,0.8207851721331529,0.8047288646044788,-0.15988060038795476,-0.14342153781320788,0.1958955223880597,0.9682926829268292
0.03170227429359063,-1.5,0.0,-1.0,0.0,0.0,0.0,0.0,-0.7008651827500693,-0.7926936226154486,0.04413924932672941,-0.18714835058709622,-0.3277363184079602,0.041463414634146344
-1.0379048931771193,-1.5,-1.0,-1.0,0.0,-0.75,-1.0,1.0,-0.4792178658399116,-0.5685101298839661,0.29055161114145267,0.6904782808278799,-0.7456467661691543,-1.486829268292683
0.8752584424534804,1.5,0.0,1.0,0.0,-0.5,0.0,0.0,-0.6395748756429712,-0.6245769306137666,-0.46591272905327774,-1.3352129775721988,-0.4894278606965174,0.5034146341463415
0.5058580289455548,0.5,0.0,0.2,0.0,-0.75,-1.0,0.0,0.7435023352419267,0.768786754004296,0.3933313245070528,-0.13099983193572406,1.4794776119402986,0.19170731707317074
-0.8201240523776706,-0.5,-1.0,-0.6,0.0,-0.25,0.0,0.0,-0.2291798911766071,-0.23784347336398903,-0.04610256313678234,0.461820562538724,-0.3364427860696517,-0.7195121951219512
-0.4755341144038594,0.5,-1.0,0.2,0.0,-0.5,0.0,0.0,0.7355076692830546,0.8287612984972118,0.5777321606809916,-0.892142368000562,-0.20211442786069653,-0.2175609756097561
-0.9469331495520331,-1.5,-1.0,-0.8,0.0,0.5,0.0,1.0,-0.9658499848900816,-1.0447145577723957,-0.23144503662969185,-0.5205878737862373,-0.7991293532338308,-1.0234146341463415
0.35975189524465884,-0.5,0.0,-0.2,0.0,0.0,0.0,1.0,0.34643605786219434,0.3099636050933845,0.6601254260908868,-0.7798483408042504,0.04415422885572139,0.37853658536585366
0.13645761543762921,-1.5,0.0,-0.6,0.0,0.75,-1.0,1.0,-0.3171212167242016,-0.3411494550276527,-0.061794949057421285,-0.18706808108223358,0.2804726368159204,-0.2965853658536585
0.21088904203997244,-0.5,0.0,-0.6,0.0,0.5,0.0,1.0,-0.4583613812864058,-0.4852489331707326,-0.2520857266615189,-0.4179633118194338,0.08146766169154229,0.4609756097560976
-0.03170227429359063,-1.5,0.0,-1.0,1.0,-0.5,-1.0,0.0,-0.7684169122361563,-0.9544711704015996,-1.1915054897455697,1.5044712622630483,-0.6050995024875622,-0.9809756097560975
-0.7898001378359751,-0.5,-1.0,-0.4,0.0,0.75,-1.0,1.0,-0.6342440323815951,-0.7134885649981069,0.09122111527524072,0.1748169479025829,0.20833333333333334,-1.153170731707317
-0.10613370089593384,1.5,-1.0,1.2,0.0,-0.25,0.0,2.0,-0.16255874080813276,-0.17788414890520396,1.4840580801898335,0.5303807533794719,-0.7518656716417911,-0.6097560975609756
0.5141281874569262,0.5,0.0,0.2,0.0,0.0,0.0,0.0,0.8954009884604992,0.9224596336157284,-0.26974142639221077,-0.4242343668868224,0.08519900497512438,0.5834146341463414
-0.08959338387319091,1.5,-1.0,1.2,0.0,-0.5,0.0,0.0,-0.8794148544091384,-0.8863919577339651,0.17165106687508233,-1.166647017360789,-0.7307213930348259,-0.26878048780487807
-0.3762922122674018,0.5,-1.0,0.4,0.0,-0.25,0.0,0.0,0.40239871957430023,0.3483637512057121,-0.4051017909941809,-0.5489932448194814,0.05534825870646766,0.3468292682926829
-1.0048242591316334,-1.5,-1.0,-1.0,0.0,0.5,0.0,0.0,-1.1271311780779865,-1.1975769705663564,-0.45457070754628137,-0.5335413651334356,-0.8414179104477612,-1.1468292682926828
-0.17229496898690558,1.5,-1.0,1.0,0.0,0.75,-1.0,0.0,-0.5009985337782632,-0.5525176790208951,-0.3835194636433832,0.3244794397188562,0.6772388059701493,-0.45170731707317074
0.6133700895933839,0.5,0.0,0.4,0.0,0.25,0.0,0.0,0.583609016064482,0.5093308321743912,0.006864536055292751,-0.9544766553704063,0.7866915422885572,1.3092682926829269
0.026188835286009647,-1.5,0.0,-1.0,0.0,-0.5,0.0,1.0,-0.9433721820801163,-0.9896522792952361,1.3035791634494056,-0.6924749847613363,-0.7282338308457711,-0.6980487804878048
-0.2880771881461061,1.5,-1.0,0.8,0.0,0.75,-1.0,1.0,-0.33044672594445,-0.3435428053947411,0.5620397747603533,1.1295223713618476,-0.31156716417910446,-0.8629268292682927
-0.5830461750516885,-0.5,-1.0,0.0,0.0,0.25,0.0,1.0,0.36775303517493146,0.35080656668372595,0.25404433228497686,0.2683810895080232,-0.23072139303482586,-0.24195121951219511
0.9552033080634046,-1.5,0.0,1.2,1.0,-0.25,-1.0,1.0,-0.7100206742061698,-0.7940482056531011,0.47273959961581163,-0.11034046812171876,-0.361318407960199,-1.5341463414634147
0.7401791867677464,1.5,0.0,0.8,1.0,-0.5,-1.0,1.0,-0.4157242287945484,-0.43963829588887837,0.3540932974255632,0.0998953988014759,0.17848258706467662,0.4321951219512195
0.2935906271536871,-0.5,0.0,-0.4,0.0,-0.75,-1.0,0.0,-0.17588425002838112,-0.2017757974822258,-0.22265956044369947,-0.6302661184928398,1.8638059701492538,0.17414634146341462
0.9248793935217091,1.5,0.0,1.2,0.0,0.5,0.0,0.0,-0.7408385125444304,-0.7950869729825367,0.04021732989321803,-0.4865736711007206,-0.375,0.7141463414634146
0.3487250172294969,-0.5,0.0,-0.2,0.0,0.75,-1.0,0.0,0.2771478869298404,0.24259973402990345,-0.8386457372078571,-0.9607055689477422,3.33271144278607,0.568780487804878
-0.37077877325982084,0.5,-1.0,0.6,0.0,0.25,0.0,0.0,0.45303053802502985,0.4252896087119477,0.022561630162526686,-0.38054768886536544,0.06529850746268656,0.2995121951219512
0.5196416264645073,0.5,0.0,0.2,0.0,0.5,0.0,1.0,0.48767302455801503,0.4180753125338885,0.9877398821070075,0.2934251750251472,0.020522388059701493,0.6853658536585366
0.5086147484493453,0.5,0.0,0.2,0.0,-0.5,0.0,0.0,0.7994649969540325,0.840811760520373,0.0500244825702932,-0.15588337844312275,0.44465174129353235,0.9873170731707317
0.850447966919366,1.5,0.0,1.0,0.0,0.75,-1.0,0.0,-0.6022653685461061,-0.6725999433053728,-0.4188308631047664,6.0202128646992294e-05,0.724502487562189,0.2917073170731707
-0.5196416264645073,0.5,-1.0,0.2,0.0,0.75,-1.0,0.0,0.7035290054475656,0.6126368138380551,-0.11868396768300724,-0.1185078902414857,1.5640547263681592,-0.18048780487804877
0.2687801516195727,-0.5,0.0,-0.4,0.0,0.5,0.0,0.0,0.04263875142504921,0.048038232725736874,0.28347049850279626,-0.29952565739470266,0.7580845771144279,1.0887804878048781
0.8366643694004136,1.5,0.0,1.0,1.0,-0.5,-1.0,0.0,-0.0906067471782827,-0.10565367192835923,0.5051507561347668,-0.062269068397143315,0.4558457711442786,0.7092682926829268
0.36526533425223984,-0.5,0.0,-0.2,0.0,0.5,0.0,0.0,0.5329771976137524,0.473263156292628,0.5306502947324809,-0.3930496642477116,0.8538557213930348,0.78
-0.8807718814610613,-1.5,-1.0,-0.8,0.0,-0.5,0.0,1.0,-0.3391673075723878,-0.39203763914440576,1.1393293659014292,1.1033344454004321,-0.8078358208955224,-1.1478048780487804
0.2660234321157822,-0.5,0.0,-0.4,0.0,0.25,0.0,0.0,-0.047969594686425136,-0.03844580621472044,-0.10299158176236829,-1.1417714978038767,0.14365671641791045,0.9760975609756097
0.5031013094417643,0.5,0.0,0.2,0.0,0.75,-1.0,1.0,0.6075930139410985,0.6198054499137216,0.305052825853594,-0.36165425415833663,2.0205223880597014,0.4370731707317073
-0.3459682977257064,0.5,-1.0,0.6,0.0,0.75,-1.0,0.0,0.4690198699427744,0.3988105543326681,0.5620397747603533,-0.2620297649357719,1.2680348258706469,-0.06
-0.9827705031013094,-1.5,-1.0,-1.0,0.0,0.75,-1.0,0.0,-1.4524808247936978,-1.6136295405642445,-1.1034812331682329,-0.0777911838999439,-0.792910447761194,-1.3804878048780487
-0.17780840799448655,1.5,-1.0,1.0,0.0,0.25,0.0,1.0,-0.4263827174509168,-0.4924784493829225,0.8425676566413677,0.09375478167948909,-0.6722636815920398,-0.47560975609756095
0.22467263955892489,-0.5,0.0,-0.4,0.0,0.0,0.0,0.0,0.0906067471782827,0.11529175854176849,-0.7758714853387071,0.012562177510993193,0.40733830845771146,0.8097560975609757
-0.5995864920744314,-0.5,-1.0,0.0,0.0,0.5,0.0,0.0,0.7728171763799194,0.7615420177579749,-0.13830298122375204,-0.3930095294952803,0.10509950248756218,0.025853658536585365
-0.27980702963473464,1.5,-1.0,0.8,0.0,-0.25,0.0,0.0,-0.09327056987577885,-0.11526131847350661,0.35605661123561616,0.2621903039454972,-0.3041044776119403,0.12292682926829268
-0.5141281874569262,0.5,-1.0,0.2,0.0,-0.5,0.0,0.0,0.7968011742565361,0.8624204039777559,0.006864536055292751,1.0295968714960482,-0.009328358208955223,-0.17317073170731706
0.02067539627842867,-1.5,0.0,-1.0,0.0,0.75,-1.0,1.0,-1.0872761693398167,-1.2490891760824772,0.9269242358613157,0.43063585989961317,-0.8252487562189055,-1.2117073170731707
0.09786354238456237,-1.5,0.0,-0.8,0.0,0.75,-1.0,0.0,-0.5329771976137522,-0.5620948854977806,-0.46983935667338356,0.11243750893625343,0.8762437810945274,-0.4073170731707317
0.31288766368022053,-0.5,0.0,-0.2,0.0,-0.75,-1.0,1.0,0.15722789754675684,0.1658489069161739,0.4973022090811501,-0.29944538788984,1.7468905472636815,0.24682926829268292
-0.09510682288077188,1.5,-1.0,1.2,0.0,0.75,-1.0,0.0,-0.7621586877235509,-0.9007901100218216,-0.597351174221737,0.5367822463922622,-0.2842039800995025,-0.5024390243902439
-0.191592005513439,1.5,-1.0,1.0,0.0,0.75,-1.0,0.0,-0.5969345252847301,-0.6822228098846511,-0.5424207612196085,0.09370461323894994,0.529228855721393,-0.4624390243902439
0.7815299793246038,1.5,0.0,0.8,0.0,-0.25,0.0,0.0,0.09860141313715477,0.10332120169779484,0.03433209664965425,-0.8546414586975772,0.13743781094527363,1.4180487804878048
-0.6822880771881461,-0.5,-1.0,-0.2,0.0,0.0,0.0,0.0,0.09327056987577885,0.09607646545147375,-0.0068645360552932735,-0.5928003270982324,-0.22450248756218905,-0.041951219512195125
0.7870434183321847,1.5,0.0,0.8,0.0,0.25,0.0,1.0,0.11725456775239577,0.10097731644163234,0.7817567185822708,-0.5553445693917328,0.17972636815920398,1.349268292682927
-0.7677463818056512,-0.5,-1.0,-0.4,0.0,-0.75,-1.0,1.0,-0.2771478869298404,-0.2907521170116224,1.0505141339761577,-0.3306702252813822,0.5690298507462687,-0.9809756097560975
-0.015161957270847692,-1.5,0.0,-1.0,0.0,-0.75,-1.0,0.0,-0.5622920387517448,-0.6198054499137213,-0.7974491045029095,0.11858815974634834,-0.16355721393034825,-0.4351219512195122
-0.8008270158511371,-0.5,-1.0,-0.6,0.0,-0.25,0.0,0.0,-0.6742173621759563,-0.7999726039385642,-1.5075990131640897,0.47432253792107015,-0.5143034825870647,-0.7853658536585366
0.22191592005513439,-0.5,0.0,-0.4,0.0,-0.25,0.0,0.0,-0.1492332315878846,-0.15854329053332905,-1.1191736190888717,-0.7985812365015541,0.7680348258706468,0.8321951219512195
-0.13094417643004824,1.5,-1.0,1.0,0.0,-0.75,-1.0,0.0,-0.17321722946450133,-0.1801671540248429,0.30112619823348813,0.29329473707974535,0.09888059701492537,-0.7107317073170731
-0.450723638869745,0.5,-1.0,0.4,0.0,0.0,0.0,1.0,0.6982013600525729,0.6726760434760275,0.10887681500593208,-0.44288699307926355,-0.3277363184079602,-0.29804878048780487
0.2439696760854583,-0.5,0.0,-0.4,0.0,0.0,0.0,0.0,-0.5264887267215315,-0.6311595953753925,-0.7759562326974142,1.1594026945469413,-0.30907960199004975,0.3229268292682927
-0.7070985527222605,-0.5,-1.0,-0.2,0.0,-0.5,0.0,1.0,0.11459074505489927,0.11294406827707315,0.45022034313263876,0.03743569033028406,0.1449004975124378,-0.08
0.6519641626464507,0.5,0.0,0.6,0.0,0.25,0.0,1.0,0.5862760366283618,0.5790423935025676,0.8288385845307822,-0.37427663379797677,-0.1486318407960199,0.9141463414634147
-0.9855272226051,-1.5,-1.0,-1.0,0.0,0.5,0.0,0.0,-1.0739506601195685,-1.3139341314972897,-0.8347238177743459,1.7410355267811681,-0.8152985074626866,-1.0975609756097562
0.8890420399724328,1.5,0.0,1.2,0.0,0.75,-1.0,1.0,-0.6875428713962045,-0.7086676191871358,0.8111828848000903,-1.2042312062750686,0.27425373134328357,0.2546341463414634
-0.844934527911785,-1.5,-1.0,-0.6,0.0,-0.75,-1.0,0.0,-0.41247839441524614,-0.4682405450294221,-0.5037006346635527,0.9118716089269726,0.31281094527363185,-1.113658536585366
-0.7484493452791179,-0.5,-1.0,-0.4,0.0,-0.75,-1.0,0.0,-0.1812118954233736,-0.21861296023956334,-0.7287896193901957,1.241899678169454,1.029228855721393,-0.7473170731707317
-0.2963473466574776,1.5,-1.0,0.6,0.0,0.0,0.0,1.0,0.3890732103540519,0.2739910544249394,1.0093175012712101,-0.31198749802461756,-0.31156716417910446,-0.1419512195121951
0.15851137146795313,-1.5,0.0,-0.6,0.0,-0.75,-1.0,0.0,-0.4847789554809033,-0.5459426242763349,-0.7411533173882746,0.43008400705368294,1.1536069651741294,-0.22682926829268293
-0.7594762232942798,-0.5,-1.0,-0.4,0.0,0.0,0.0,1.0,-0.32245205998557774,-0.32672466768006714,0.8700352172357292,0.7113282847159337,-0.6486318407960199,-0.8609756097560975
